Date,Close/Last,Volume,Open,High,Low
7/2/2021,$53.54 ,15068260,$53.19 ,$53.62 ,$52.84 
7/1/2021,$53.44 ,15074800,$53.05 ,$53.60 ,$53 
6/30/2021,$53 ,15826640,$52.95 ,$53.07 ,$52.62 
6/29/2021,$52.91 ,10926110,$52.89 ,$53.19 ,$52.77 
6/28/2021,$52.96 ,14008660,$53.16 ,$53.29 ,$52.92 
6/25/2021,$53.06 ,16682660,$52.77 ,$53.20 ,$52.65 
6/24/2021,$52.78 ,13974290,$52.94 ,$53.05 ,$52.61 
6/23/2021,$52.76 ,14749810,$53.27 ,$53.29 ,$52.59 
6/22/2021,$53.26 ,16451240,$53.30 ,$53.36 ,$52.81 
6/21/2021,$53.18 ,17682230,$52.37 ,$53.41 ,$52.29 
6/18/2021,$52.07 ,35758260,$52.81 ,$52.84 ,$51.88 
6/17/2021,$53.13 ,18288400,$53.41 ,$53.55 ,$53.01 
6/16/2021,$53.47 ,15477900,$53.85 ,$53.92 ,$53.13 
6/15/2021,$53.79 ,12542570,$54.23 ,$54.32 ,$53.73 
6/14/2021,$54.17 ,15131360,$54.39 ,$54.53 ,$53.53 
6/11/2021,$54.77 ,17134050,$55.19 ,$55.35 ,$54.54 
6/10/2021,$55.03 ,22183540,$54.43 ,$55.08 ,$54.27 
6/9/2021,$54.02 ,14861230,$54.18 ,$54.42 ,$53.94 
6/8/2021,$54.13 ,15329690,$53.97 ,$54.39 ,$53.89 
6/7/2021,$53.92 ,14899750,$54.32 ,$54.44 ,$53.79 
6/4/2021,$54.07 ,11676700,$53.44 ,$54.17 ,$53.44 
6/3/2021,$53.33 ,17593100,$52.80 ,$53.56 ,$52.62 
6/2/2021,$52.96 ,14529320,$52.65 ,$52.99 ,$52.40 
6/1/2021,$52.62 ,15741980,$52.96 ,$53.32 ,$52.43 
5/28/2021,$52.90 ,14864350,$53.18 ,$53.22 ,$52.84 
5/27/2021,$52.92 ,56216070,$52.93 ,$53.35 ,$52.58 
5/26/2021,$52.91 ,18671190,$53.35 ,$53.61 ,$52.82 
5/25/2021,$53.31 ,20657180,$53.37 ,$53.58 ,$53.14 
5/24/2021,$53.39 ,21128860,$52.96 ,$53.77 ,$52.79 
5/21/2021,$52.43 ,24468370,$52.77 ,$52.93 ,$52.24 
5/20/2021,$52.85 ,48830760,$50.41 ,$52.97 ,$50.10 
5/19/2021,$52.47 ,29187940,$51.88 ,$52.66 ,$51.86 
5/18/2021,$52.93 ,20177200,$52.80 ,$53.34 ,$52.74 
5/17/2021,$52.94 ,15728680,$52.76 ,$53.15 ,$52.68 
5/14/2021,$52.90 ,14789380,$52.93 ,$53.22 ,$52.60 
5/13/2021,$52.49 ,15868660,$52.11 ,$52.81 ,$51.88 
5/12/2021,$51.60 ,22123310,$52.18 ,$52.43 ,$51.47 
5/11/2021,$52.83 ,20220910,$53.10 ,$53.11 ,$52.11 
5/10/2021,$53.16 ,23845560,$53.97 ,$54.14 ,$53.16 
5/7/2021,$53.43 ,24146010,$52.48 ,$53.68 ,$52.22 
5/6/2021,$52.44 ,27106820,$51.07 ,$52.71 ,$50.95 
5/5/2021,$51.13 ,16205350,$50.99 ,$51.25 ,$50.68 
5/4/2021,$50.71 ,18164790,$51.11 ,$51.23 ,$50.30 
5/3/2021,$51.17 ,13465910,$51.21 ,$51.40 ,$50.81 
4/30/2021,$50.91 ,19930550,$51.22 ,$51.23 ,$50.41 
4/29/2021,$51.46 ,13916580,$51.18 ,$51.60 ,$50.98 
4/28/2021,$51.11 ,14984040,$51.56 ,$51.77 ,$50.92 
4/27/2021,$51.37 ,13600990,$51.58 ,$51.67 ,$51.35 
4/26/2021,$51.64 ,13778190,$51.65 ,$51.77 ,$51.50 
4/23/2021,$51.91 ,14017740,$51.50 ,$52.13 ,$51.18 
4/22/2021,$51.50 ,15564760,$51.81 ,$52.09 ,$51.38 
4/21/2021,$51.93 ,14015530,$51.84 ,$52.07 ,$51.48 
4/20/2021,$51.79 ,21257480,$52.59 ,$52.79 ,$51.60 
4/19/2021,$52.85 ,20245610,$52.53 ,$52.96 ,$52.49 
4/16/2021,$52.80 ,28327910,$52.45 ,$53.18 ,$52.26 
4/15/2021,$51.64 ,17869820,$51.76 ,$51.94 ,$51.37 
4/14/2021,$51.37 ,15376590,$51.51 ,$51.68 ,$51.14 
4/13/2021,$51.66 ,13353170,$51.64 ,$51.88 ,$51.34 
4/12/2021,$51.57 ,16441730,$52.07 ,$52.16 ,$51.47 
4/9/2021,$52.09 ,13135750,$51.83 ,$52.15 ,$51.68 
4/8/2021,$51.91 ,15111250,$51.94 ,$52 ,$51.45 
4/7/2021,$51.77 ,15783650,$52.01 ,$52.14 ,$51.58 
4/6/2021,$52.03 ,15126110,$51.98 ,$52.22 ,$51.78 
4/5/2021,$52.41 ,19860910,$51.63 ,$52.92 ,$51.63 
4/1/2021,$51.98 ,17896170,$51.75 ,$52.07 ,$51.35 
3/31/2021,$51.71 ,22212380,$51.83 ,$52.05 ,$51.55 
3/30/2021,$51.77 ,22465100,$52.11 ,$52.29 ,$51.18 
3/29/2021,$52.52 ,25032760,$52.40 ,$52.94 ,$52.28 
3/26/2021,$52.57 ,31996950,$50.60 ,$52.64 ,$50.56 
3/25/2021,$50.51 ,34537720,$50.58 ,$51.40 ,$50.29 
3/24/2021,$49.65 ,26444740,$49.94 ,$50.45 ,$49.62 
3/23/2021,$50.01 ,28328170,$50.02 ,$50.68 ,$49.90 
3/22/2021,$50.30 ,28813880,$48.94 ,$50.38 ,$48.94 
3/19/2021,$48.98 ,65366840,$48.71 ,$49.22 ,$48.32 
3/18/2021,$48.80 ,18417640,$48.52 ,$49.57 ,$48.52 
3/17/2021,$49.42 ,18326920,$49.61 ,$49.61 ,$48.89 
3/16/2021,$49.67 ,17282260,$49.19 ,$49.74 ,$49.19 
3/15/2021,$49.41 ,15526110,$48.90 ,$49.44 ,$48.90 
3/12/2021,$48.82 ,15196530,$48.81 ,$48.99 ,$48.47 
3/11/2021,$48.80 ,21976560,$48.51 ,$49.08 ,$48.23 
3/10/2021,$48.29 ,19841510,$48.47 ,$48.79 ,$48.19 
3/9/2021,$47.89 ,26512660,$47.82 ,$48.37 ,$47.72 
3/8/2021,$47.51 ,34824530,$46.24 ,$48.40 ,$46.20 
3/5/2021,$46.25 ,33197580,$45.45 ,$46.74 ,$45.27 
3/4/2021,$44.56 ,24653500,$45.14 ,$45.47 ,$44.15 
3/3/2021,$45.13 ,16851130,$45.43 ,$45.53 ,$45 
3/2/2021,$45.52 ,14832970,$45.93 ,$46.08 ,$45.42 
3/1/2021,$45.92 ,17396070,$45.22 ,$46.22 ,$45.22 
2/26/2021,$44.87 ,22144950,$45.58 ,$45.78 ,$44.76 
2/25/2021,$45.52 ,21916720,$45.59 ,$46.24 ,$45.24 
2/24/2021,$45.74 ,17823650,$45.24 ,$45.80 ,$45.04 
2/23/2021,$45.51 ,19714930,$45.26 ,$45.78 ,$45.10 
2/22/2021,$45.43 ,21435790,$45.29 ,$45.68 ,$44.82 
2/19/2021,$45.68 ,25117700,$46.54 ,$46.61 ,$45.58 
2/18/2021,$46.34 ,16867520,$46.39 ,$46.40 ,$45.69 
2/17/2021,$46.25 ,13301380,$46.32 ,$46.40 ,$45.87 
2/16/2021,$46.51 ,18539030,$47.26 ,$47.26 ,$46.40 
2/12/2021,$47.29 ,15239820,$47.43 ,$47.69 ,$46.91 
2/11/2021,$47.58 ,18589910,$47.35 ,$47.91 ,$47.20 
2/10/2021,$47.24 ,44540880,$46.15 ,$47.41 ,$45.83 
2/9/2021,$48.50 ,24795020,$48.77 ,$48.83 ,$48.41 
2/8/2021,$48.94 ,25215440,$48.56 ,$49.34 ,$48.56 
2/5/2021,$48.08 ,25488560,$47.57 ,$48.34 ,$47.50 
2/4/2021,$47.25 ,22285660,$45.87 ,$47.32 ,$45.77 
2/3/2021,$45.77 ,13173640,$45.75 ,$46.16 ,$45.54 
2/2/2021,$45.83 ,16520930,$45.52 ,$45.94 ,$45.43 
2/1/2021,$45.40 ,16776850,$44.92 ,$45.63 ,$44.66 
1/29/2021,$44.58 ,22608100,$44.85 ,$45.37 ,$44.48 
1/28/2021,$45.34 ,21166030,$45.91 ,$46.27 ,$45.30 
1/27/2021,$45.70 ,29634490,$45.24 ,$46.46 ,$45.08 
1/26/2021,$45.26 ,13087750,$44.89 ,$45.35 ,$44.77 
1/25/2021,$45.03 ,16581260,$45.04 ,$45.17 ,$44.71 
1/22/2021,$44.77 ,14643420,$44.75 ,$44.89 ,$44.23 
1/21/2021,$45.11 ,17495890,$45.20 ,$45.24 ,$44.72 
1/20/2021,$45.34 ,16499410,$45.33 ,$45.50 ,$45.14 
1/19/2021,$45.19 ,28868850,$45.33 ,$45.63 ,$44.77 
1/15/2021,$45.43 ,30271670,$44.96 ,$45.65 ,$44.88 
1/14/2021,$45.15 ,22333480,$44.87 ,$45.60 ,$44.85 
1/13/2021,$45.36 ,19367270,$45.29 ,$45.97 ,$45.18 
1/12/2021,$45.79 ,20145040,$45.30 ,$45.93 ,$44.96 
1/11/2021,$45.36 ,25062260,$45.15 ,$45.95 ,$45.02 
1/8/2021,$45.06 ,20936280,$44.48 ,$45.41 ,$44.25 
1/7/2021,$44.96 ,18218760,$44.20 ,$45.11 ,$44.17 
1/6/2021,$44.40 ,21823110,$44.13 ,$44.87 ,$43.89 
1/5/2021,$43.98 ,17763660,$43.68 ,$44.07 ,$43.38 
1/4/2021,$43.96 ,24392540,$44.31 ,$44.37 ,$43.35 
12/31/2020,$44.75 ,15105480,$44.38 ,$44.84 ,$44.16 
12/30/2020,$44.48 ,11043110,$44.74 ,$45.06 ,$44.44 
12/29/2020,$44.64 ,11828960,$44.97 ,$45.25 ,$44.53 
12/28/2020,$44.92 ,13458430,$44.93 ,$45.34 ,$44.72 
12/24/2020,$44.54 ,5720538,$44.45 ,$44.59 ,$44.23 
12/23/2020,$44.38 ,12032640,$44.65 ,$44.80 ,$44.35 
12/22/2020,$44.69 ,16031550,$44.44 ,$45.07 ,$44.44 
12/21/2020,$44.88 ,19865300,$44.47 ,$44.96 ,$44.07 
12/18/2020,$45.44 ,41026970,$44.90 ,$45.57 ,$44.77 
12/17/2020,$44.82 ,16141600,$44.91 ,$44.93 ,$44.60 
12/16/2020,$44.72 ,16191980,$44.70 ,$45.14 ,$44.53 
12/15/2020,$44.72 ,18165250,$44.39 ,$44.80 ,$44.14 
12/14/2020,$44.24 ,16112330,$44.27 ,$44.91 ,$44.15 
12/11/2020,$44.32 ,14577710,$43.94 ,$44.33 ,$43.72 
12/10/2020,$44.32 ,17741490,$44.54 ,$44.61 ,$44.11 
12/9/2020,$44.69 ,22679750,$44.47 ,$44.83 ,$44.36 
12/8/2020,$44.37 ,13348460,$44.21 ,$44.53 ,$43.93 
12/7/2020,$44.35 ,14086830,$44.29 ,$44.49 ,$43.91 
12/4/2020,$44.38 ,17319800,$43.89 ,$44.51 ,$43.89 
12/3/2020,$44.11 ,27710710,$43.78 ,$44.14 ,$43.60 
12/2/2020,$43.89 ,17422160,$43.39 ,$43.96 ,$43.35 
12/1/2020,$43.54 ,23948790,$43.01 ,$44.07 ,$43.01 
11/30/2020,$43.02 ,34741650,$42.44 ,$43.05 ,$42.41 
11/27/2020,$42.70 ,10769520,$42.86 ,$42.98 ,$42.64 
11/25/2020,$42.50 ,22617660,$42.78 ,$42.80 ,$42.21 
11/24/2020,$42.61 ,22849730,$42.14 ,$42.71 ,$41.90 
11/23/2020,$41.64 ,19656680,$41.03 ,$41.80 ,$41.02 
11/20/2020,$40.97 ,19778950,$41.05 ,$41.39 ,$40.92 
11/19/2020,$41.17 ,22177710,$41 ,$41.37 ,$40.77 
11/18/2020,$41.32 ,21327710,$41.90 ,$42.24 ,$41.26 
11/17/2020,$41.88 ,23140910,$41.92 ,$42.35 ,$41.62 
11/16/2020,$42.54 ,34572650,$41.74 ,$42.59 ,$41.35 
11/13/2020,$41.40 ,49120100,$41.20 ,$41.52 ,$40.56 
11/12/2020,$38.67 ,29543620,$38.98 ,$39.39 ,$38.40 
11/11/2020,$39.33 ,27332810,$39.01 ,$39.45 ,$38.44 
11/10/2020,$38.72 ,31514510,$38.21 ,$39.03 ,$38.17 
11/9/2020,$38.20 ,42649540,$39.92 ,$40.23 ,$38.12 
11/6/2020,$37.53 ,19475290,$37.56 ,$37.60 ,$37.08 
11/5/2020,$37.23 ,23149700,$37.02 ,$37.30 ,$36.91 
11/4/2020,$36.57 ,30121920,$37.03 ,$37.30 ,$36.50 
11/3/2020,$36.68 ,27342890,$36.36 ,$37.33 ,$36.30 
11/2/2020,$35.90 ,23483100,$36.19 ,$36.35 ,$35.67 
10/30/2020,$35.90 ,29159660,$35.60 ,$35.93 ,$35.49 
10/29/2020,$35.69 ,35331970,$35.51 ,$36.07 ,$35.28 
10/28/2020,$35.71 ,34561490,$36.32 ,$36.51 ,$35.68 
10/27/2020,$36.87 ,37911470,$37.38 ,$37.50 ,$36.59 
10/26/2020,$37.67 ,29146550,$38.40 ,$38.43 ,$37.15 
10/23/2020,$38.82 ,15556080,$38.93 ,$38.97 ,$38.65 
10/22/2020,$38.82 ,20399040,$38.85 ,$38.96 ,$38.38 
10/21/2020,$39.06 ,17016270,$39.31 ,$39.57 ,$38.98 
10/20/2020,$39.20 ,16564890,$39.44 ,$39.51 ,$39.03 
10/19/2020,$39.30 ,19600470,$40.15 ,$40.38 ,$39.16 
10/16/2020,$40.16 ,21295120,$39.88 ,$40.30 ,$39.55 
10/15/2020,$39.97 ,15456970,$39.47 ,$40 ,$39.35 
10/14/2020,$39.89 ,16444690,$39.85 ,$40.42 ,$39.76 
10/13/2020,$39.81 ,23438270,$40.54 ,$40.61 ,$39.71 
10/12/2020,$40.36 ,22757250,$39.93 ,$40.53 ,$39.63 
10/9/2020,$39.85 ,16167470,$40.15 ,$40.23 ,$39.72 
10/8/2020,$39.79 ,19031350,$39.80 ,$40.18 ,$39.66 
10/7/2020,$39.40 ,20593710,$38.98 ,$39.58 ,$38.78 
10/6/2020,$38.57 ,28430810,$38.50 ,$39.35 ,$38.40 
10/5/2020,$38.57 ,26929050,$38.48 ,$38.79 ,$38.29 
10/2/2020,$38.27 ,24492960,$38.05 ,$38.55 ,$37.97 
10/1/2020,$38.80 ,20763540,$39.10 ,$39.31 ,$38.57 
9/30/2020,$39.39 ,27113200,$39.09 ,$39.70 ,$39.02 
9/29/2020,$39.06 ,16476890,$39.07 ,$39.38 ,$38.83 
9/28/2020,$39.13 ,24275700,$39.20 ,$39.29 ,$38.79 
9/25/2020,$38.45 ,22966650,$37.76 ,$38.54 ,$37.62 
9/24/2020,$37.85 ,30910350,$38 ,$38.16 ,$37.60 
9/23/2020,$38.28 ,24843240,$39.23 ,$39.39 ,$38.18 
9/22/2020,$39.32 ,17656820,$39.18 ,$39.46 ,$38.88 
9/21/2020,$39.04 ,28494970,$39.31 ,$39.47 ,$38.69 
9/18/2020,$39.81 ,44450760,$40.18 ,$40.32 ,$39.58 
9/17/2020,$40.37 ,22225920,$39.66 ,$40.40 ,$39.51 
9/16/2020,$40.42 ,24322450,$40.72 ,$41.17 ,$40.39 
9/15/2020,$40.60 ,19024100,$40.51 ,$40.84 ,$40.38 
9/14/2020,$40.37 ,19866720,$40.22 ,$40.64 ,$40.05 
9/11/2020,$39.88 ,21852960,$39.77 ,$40.05 ,$39.52 
9/10/2020,$39.57 ,25108750,$40.03 ,$40.64 ,$39.42 
9/9/2020,$40.13 ,23351620,$40.10 ,$40.48 ,$39.72 
9/8/2020,$40 ,29101790,$40.05 ,$40.61 ,$39.97 
9/4/2020,$40.82 ,34867420,$41.20 ,$41.43 ,$40.44 
9/3/2020,$40.95 ,39288120,$41.75 ,$41.83 ,$40.67 
9/2/2020,$42.42 ,30045680,$42.04 ,$42.69 ,$42.03 
9/1/2020,$42.03 ,23344890,$42 ,$42.07 ,$41.50 
8/31/2020,$42.22 ,21297990,$42.10 ,$42.35 ,$41.94 
8/28/2020,$42.20 ,16573580,$42.14 ,$42.30 ,$42 
8/27/2020,$42.29 ,22456770,$42.40 ,$42.47 ,$42.02 
8/26/2020,$42.25 ,21625830,$41.65 ,$42.28 ,$41.45 
8/25/2020,$41.96 ,15417360,$42.23 ,$42.30 ,$41.78 
8/24/2020,$42.18 ,17742930,$42.07 ,$42.47 ,$42 
8/21/2020,$42.25 ,17389560,$42.05 ,$42.30 ,$41.81 
8/20/2020,$42.31 ,18443880,$41.87 ,$42.42 ,$41.73 
8/19/2020,$41.87 ,20097420,$42.10 ,$42.35 ,$41.78 
8/18/2020,$41.98 ,23344590,$42.13 ,$42.29 ,$41.81 
8/17/2020,$42.09 ,30511750,$42.55 ,$42.76 ,$41.86 
8/14/2020,$42.50 ,32539450,$42.49 ,$42.88 ,$42.27 
8/13/2020,$42.72 ,91849460,$43.79 ,$43.84 ,$42.38 
8/12/2020,$48.10 ,27023680,$47.28 ,$48.13 ,$47.27 
8/11/2020,$47.19 ,18859630,$47.90 ,$48.45 ,$47.09 
8/10/2020,$47.73 ,14999190,$47.16 ,$48 ,$47.16 
8/7/2020,$47.43 ,17054310,$47.33 ,$47.60 ,$47.03 
8/6/2020,$47.77 ,14190870,$47.23 ,$47.83 ,$47.10 
8/5/2020,$47.33 ,13077570,$47.67 ,$47.73 ,$47.05 
8/4/2020,$47.67 ,12839490,$47.01 ,$47.67 ,$46.91 
8/3/2020,$47.16 ,14142520,$47.14 ,$47.36 ,$46.68 
7/31/2020,$47.10 ,17706370,$46.39 ,$47.11 ,$45.86 
7/30/2020,$46.44 ,15385150,$46.13 ,$46.46 ,$45.38 
7/29/2020,$46.71 ,11618230,$46.40 ,$46.88 ,$46.37 
7/28/2020,$46.28 ,13975260,$46.98 ,$47.08 ,$46.21 
7/27/2020,$47.19 ,15575960,$46.66 ,$47.26 ,$46.15 
7/24/2020,$46.40 ,16983630,$47.49 ,$47.64 ,$46.11 
7/23/2020,$47.41 ,23750220,$46.98 ,$47.70 ,$46.68 
7/22/2020,$46.90 ,27218260,$47.02 ,$47.11 ,$46.53 
7/21/2020,$47.02 ,16074740,$47.28 ,$47.33 ,$46.85 
7/20/2020,$46.97 ,15966490,$46.67 ,$47.10 ,$46.26 
7/17/2020,$46.75 ,20389740,$46.04 ,$46.93 ,$45.88 
7/16/2020,$45.78 ,17709450,$45.70 ,$45.83 ,$45.20 
7/15/2020,$46.40 ,15704960,$46.50 ,$46.83 ,$45.99 
7/14/2020,$46.26 ,19303460,$45.49 ,$46.50 ,$45.41 
7/13/2020,$45.93 ,17965550,$46.87 ,$46.99 ,$45.78 
7/10/2020,$46.66 ,13775700,$46.73 ,$46.92 ,$46.24 
7/9/2020,$46.70 ,26027690,$46.60 ,$47.20 ,$46.22 
7/8/2020,$45.81 ,15020770,$45.59 ,$46.07 ,$45.32 
7/7/2020,$45.63 ,17102840,$46.12 ,$46.29 ,$45.56 
7/6/2020,$46.42 ,16152860,$46.07 ,$46.49 ,$45.87 
7/2/2020,$45.63 ,19631980,$46.07 ,$46.22 ,$45.48 
7/1/2020,$46.06 ,17129460,$46.54 ,$46.72 ,$46 
6/30/2020,$46.64 ,21888830,$46.15 ,$47.01 ,$46.10 
6/29/2020,$46.15 ,23875410,$46.34 ,$46.45 ,$45.67 
6/26/2020,$46.31 ,106928300,$45.12 ,$46.51 ,$44.63 
6/25/2020,$45.22 ,19114870,$44.77 ,$45.32 ,$44.20 
6/24/2020,$44.75 ,22840140,$45.29 ,$45.47 ,$44.39 
6/23/2020,$45.47 ,23222360,$45.92 ,$46.15 ,$45.32 
6/22/2020,$45.16 ,18398600,$45.11 ,$45.46 ,$44.81 
6/19/2020,$45.32 ,36103240,$46.26 ,$46.51 ,$45.05 
6/18/2020,$45.83 ,22423460,$45.79 ,$46.05 ,$45.35 
6/17/2020,$46.17 ,20399080,$46.75 ,$46.82 ,$45.90 
6/16/2020,$46.48 ,28074580,$47.41 ,$47.49 ,$45.91 
6/15/2020,$45.35 ,21300100,$44.12 ,$45.76 ,$43.93 
6/12/2020,$45.07 ,26125550,$44.96 ,$45.86 ,$44.11 
6/11/2020,$43.67 ,35582020,$46.99 ,$47 ,$43.64 
6/10/2020,$47.42 ,18462380,$47.66 ,$47.83 ,$47.12 
6/9/2020,$48.05 ,18597270,$48.02 ,$48.24 ,$47.49 
6/8/2020,$48.13 ,17820920,$47.46 ,$48.16 ,$47.12 
6/5/2020,$47.83 ,22591050,$47.27 ,$48.29 ,$47.20 
6/4/2020,$46.86 ,14100660,$46.77 ,$47.25 ,$46.53 
6/3/2020,$46.94 ,17491950,$46.98 ,$47.20 ,$46.54 
6/2/2020,$46.89 ,17285950,$46.40 ,$46.90 ,$45.88 
6/1/2020,$46.30 ,18730620,$47.15 ,$47.29 ,$46.23 
5/29/2020,$47.82 ,43570370,$46.04 ,$47.82 ,$45.41 
5/28/2020,$45.60 ,20027750,$45.90 ,$46.46 ,$45.37 
5/27/2020,$45.96 ,22157160,$45.04 ,$45.98 ,$44.80 
5/26/2020,$44.84 ,21776880,$45.78 ,$45.80 ,$44.68 
5/22/2020,$44.90 ,12592810,$44.67 ,$44.95 ,$44.12 
5/21/2020,$44.64 ,18674890,$45.45 ,$45.66 ,$44.56 
5/20/2020,$45.44 ,20184460,$45.05 ,$45.82 ,$45.03 
5/19/2020,$44.61 ,24345420,$44.83 ,$44.98 ,$44.41 
5/18/2020,$45.06 ,26980080,$45.21 ,$45.30 ,$44.33 
5/15/2020,$44.27 ,30573030,$42.93 ,$44.38 ,$42.85 
5/14/2020,$43.85 ,50417740,$43.43 ,$44.58 ,$43.26 
5/13/2020,$41.95 ,36986700,$43.41 ,$43.57 ,$41.31 
5/12/2020,$43.22 ,25817070,$43.94 ,$44.30 ,$43.19 
5/11/2020,$43.32 ,26182690,$42.78 ,$43.65 ,$42.61 
5/8/2020,$42.99 ,21962830,$42.02 ,$43.02 ,$41.70 
5/7/2020,$41.37 ,20173640,$41.59 ,$41.77 ,$41.22 
5/6/2020,$41.15 ,16040350,$41.56 ,$41.69 ,$40.97 
5/5/2020,$41.46 ,15060220,$41.61 ,$41.93 ,$41.39 
5/4/2020,$41.35 ,15997720,$40.96 ,$41.41 ,$40.49 
5/1/2020,$40.92 ,22095260,$41.72 ,$41.81 ,$40.77 
4/30/2020,$42.38 ,26679920,$43.17 ,$43.17 ,$42.17 
4/29/2020,$43.34 ,17430130,$43.35 ,$43.48 ,$42.93 
4/28/2020,$42.49 ,16427730,$43.50 ,$43.63 ,$42.41 
4/27/2020,$43.06 ,17937890,$42.70 ,$43.22 ,$42.58 
4/24/2020,$42.52 ,14641720,$41.84 ,$42.66 ,$41.65 
4/23/2020,$41.62 ,16100170,$41.89 ,$42.55 ,$41.53 
4/22/2020,$41.76 ,18337410,$41.27 ,$42.09 ,$41.11 
4/21/2020,$40.55 ,31661040,$41.83 ,$41.99 ,$40.41 
4/20/2020,$42.54 ,23438040,$41.92 ,$43.29 ,$41.79 
4/17/2020,$42.48 ,30701460,$42.25 ,$42.64 ,$41.74 
4/16/2020,$41.50 ,26177970,$41.76 ,$41.79 ,$40.68 
4/15/2020,$41.52 ,18428790,$42.20 ,$42.37 ,$41.23 
4/14/2020,$42.78 ,22882370,$41.91 ,$42.82 ,$41.53 
4/13/2020,$41.22 ,19591970,$41.04 ,$41.46 ,$40.53 
4/9/2020,$41.20 ,27650200,$42.09 ,$42.20 ,$40.85 
4/8/2020,$41.74 ,22683520,$41.17 ,$42.20 ,$40.87 
4/7/2020,$40.64 ,30366070,$42.66 ,$42.74 ,$40.59 
4/6/2020,$41.43 ,31641430,$40.46 ,$41.68 ,$39.78 
4/3/2020,$39.06 ,21235160,$39.82 ,$40.29 ,$38.54 
4/2/2020,$39.80 ,28180490,$37.84 ,$39.95 ,$37.47 
4/1/2020,$38.33 ,26790670,$38.17 ,$38.86 ,$37.87 
3/31/2020,$39.31 ,26019850,$40.13 ,$40.42 ,$39.11 
3/30/2020,$40.32 ,27120330,$39.45 ,$40.49 ,$38.96 
3/27/2020,$38.82 ,31278580,$39.21 ,$40.15 ,$38.41 
3/26/2020,$40.58 ,38487230,$37.97 ,$40.92 ,$37.37 
3/25/2020,$37.67 ,42873920,$38.65 ,$39.95 ,$37.50 
3/24/2020,$38.60 ,48235610,$36.41 ,$38.68 ,$35.54 
3/23/2020,$34.60 ,39823400,$35.51 ,$35.82 ,$33.74 
3/20/2020,$35.60 ,48582550,$38.27 ,$38.47 ,$35.40 
3/19/2020,$37.71 ,58319650,$37.05 ,$39.32 ,$36.15 
3/18/2020,$37.12 ,56904270,$33.76 ,$37.71 ,$33.31 
3/17/2020,$35.50 ,41572400,$34.70 ,$36.25 ,$33.60 
3/16/2020,$33.71 ,44211290,$33.23 ,$36.99 ,$32.40 
3/13/2020,$37.64 ,53859600,$35.18 ,$37.68 ,$33.33 
3/12/2020,$33.20 ,51855310,$34.50 ,$35.82 ,$33 
3/11/2020,$37.05 ,63608530,$39.02 ,$39.16 ,$36.37 
3/10/2020,$40.08 ,50536520,$39.25 ,$40.15 ,$37.87 
3/9/2020,$37.96 ,61535330,$36.90 ,$39.56 ,$36.29 
3/6/2020,$39.68 ,48605590,$38 ,$39.95 ,$37.80 
3/5/2020,$39.57 ,30255900,$40.17 ,$40.51 ,$39.29 
3/4/2020,$41.39 ,30022090,$40.72 ,$41.45 ,$39.80 
3/3/2020,$40.04 ,49294740,$41.26 ,$41.90 ,$39.71 
3/2/2020,$41.17 ,48864270,$40.15 ,$41.19 ,$38.92 
2/28/2020,$39.93 ,80194000,$38.70 ,$40.55 ,$38.35 
2/27/2020,$40.04 ,51442850,$41.28 ,$42.10 ,$40.01 
2/26/2020,$42.16 ,38528930,$42.97 ,$43.38 ,$41.94 
2/25/2020,$42.74 ,48024750,$44.05 ,$44.21 ,$42.07 
2/24/2020,$44 ,35295920,$45 ,$45.68 ,$44 
2/21/2020,$46.30 ,20031420,$46.73 ,$46.85 ,$46.05 
2/20/2020,$46.85 ,20416660,$46.09 ,$46.96 ,$45.90 
2/19/2020,$46.29 ,27626380,$46.69 ,$46.81 ,$45.90 
2/18/2020,$46.59 ,18550360,$46.82 ,$46.85 ,$46.29 
2/14/2020,$46.97 ,26747250,$47.16 ,$47.22 ,$46.48 
2/13/2020,$47.32 ,47044720,$47.15 ,$47.67 ,$46.58 
2/12/2020,$49.93 ,31686170,$49.43 ,$50.28 ,$49.40 
2/11/2020,$49.13 ,23168270,$49.39 ,$49.71 ,$48.86 
2/10/2020,$48.87 ,19012720,$47.99 ,$48.89 ,$47.88 
2/7/2020,$47.97 ,16807740,$48.60 ,$48.77 ,$47.87 
2/6/2020,$48.69 ,9814844,$48.69 ,$48.82 ,$48.22 
2/5/2020,$48.45 ,17042330,$48.33 ,$48.60 ,$48.15 
2/4/2020,$47.62 ,13947270,$47.22 ,$47.71 ,$47.11 
2/3/2020,$46.53 ,15383530,$46.40 ,$46.83 ,$46.21 
1/31/2020,$45.97 ,20069930,$46.99 ,$47 ,$45.84 
1/30/2020,$47.24 ,14822580,$46.54 ,$47.27 ,$46.26 
1/29/2020,$47.05 ,14289780,$47.97 ,$47.98 ,$46.93 
1/28/2020,$47.77 ,14035050,$47.52 ,$47.97 ,$47.50 
1/27/2020,$47.47 ,20665990,$47.89 ,$48.07 ,$47.27 
1/24/2020,$48.85 ,14066910,$49.22 ,$49.48 ,$48.54 
1/23/2020,$49 ,16767690,$49 ,$49.18 ,$48.41 
1/22/2020,$49.06 ,15185990,$49.28 ,$49.53 ,$49.04 
1/21/2020,$48.80 ,21771750,$48.96 ,$49.20 ,$48.67 
1/17/2020,$49.02 ,27176170,$49.31 ,$49.54 ,$48.87 
1/16/2020,$49.05 ,20094930,$48.38 ,$49.08 ,$48.23 
1/15/2020,$48.01 ,16289440,$47.92 ,$48.40 ,$47.76 
1/14/2020,$47.79 ,17951760,$47.96 ,$47.99 ,$47.62 
1/13/2020,$47.97 ,18243200,$47.31 ,$47.98 ,$47.30 
1/10/2020,$47.13 ,13504600,$47.48 ,$47.56 ,$47.06 
1/9/2020,$47.32 ,18211200,$47.79 ,$47.88 ,$47.07 
1/8/2020,$47.52 ,25181660,$46.97 ,$47.79 ,$46.81 
1/7/2020,$47.49 ,16566640,$47.72 ,$47.72 ,$47.10 
1/6/2020,$47.80 ,22185270,$47.14 ,$47.82 ,$47.01 
1/3/2020,$47.63 ,15587710,$47.91 ,$48.14 ,$47.48 
1/2/2020,$48.42 ,16710080,$48.06 ,$48.42 ,$47.88 
12/31/2019,$47.96 ,14894740,$47.54 ,$47.98 ,$47.41 
12/30/2019,$47.59 ,12129050,$47.75 ,$47.88 ,$47.29 
12/27/2019,$47.77 ,11058980,$47.99 ,$48.05 ,$47.68 
12/26/2019,$47.85 ,11122020,$47.78 ,$48 ,$47.65 
12/24/2019,$47.78 ,7044728,$48.16 ,$48.25 ,$47.65 
12/23/2019,$48.10 ,20255220,$47.55 ,$48.30 ,$47.42 
12/20/2019,$47.45 ,52583720,$48.25 ,$48.37 ,$47.42 
12/19/2019,$47.88 ,30768600,$47.15 ,$47.99 ,$47.11 
12/18/2019,$46.64 ,21928070,$46.52 ,$46.76 ,$46.25 
12/17/2019,$46.44 ,22510490,$46.22 ,$46.52 ,$45.93 
12/16/2019,$45.98 ,21875700,$45.80 ,$46.59 ,$45.80 
12/13/2019,$45.30 ,21801580,$45.91 ,$46.05 ,$45.20 
12/12/2019,$45.67 ,27073510,$44.55 ,$45.77 ,$44.41 
12/11/2019,$44.28 ,16451400,$44.36 ,$44.45 ,$44.15 
12/10/2019,$44.10 ,21863860,$43.85 ,$44.18 ,$43.80 
12/9/2019,$43.90 ,17659770,$43.89 ,$44.37 ,$43.75 
12/6/2019,$43.84 ,16544120,$43.89 ,$44.06 ,$43.65 
12/5/2019,$43.52 ,22637280,$44.05 ,$44.10 ,$43.40 
12/4/2019,$43.89 ,17206920,$44.52 ,$44.55 ,$43.86 
12/3/2019,$44.28 ,20331670,$44.40 ,$44.49 ,$43.74 
12/2/2019,$44.70 ,17647590,$45.25 ,$45.33 ,$44.67 
11/29/2019,$45.31 ,9808886,$45.24 ,$45.54 ,$45.15 
11/27/2019,$45.24 ,14895010,$45.36 ,$45.42 ,$44.93 
11/26/2019,$45.31 ,29424780,$45.53 ,$45.77 ,$45.25 
11/25/2019,$45.45 ,19654600,$45 ,$45.55 ,$44.93 
11/22/2019,$44.85 ,18725690,$45.15 ,$45.17 ,$44.69 
11/21/2019,$44.84 ,19868780,$45.13 ,$45.15 ,$44.69 
11/20/2019,$45.08 ,18668520,$45.69 ,$45.74 ,$44.93 
11/19/2019,$45.47 ,19619580,$45.39 ,$45.60 ,$45.08 
11/18/2019,$45.15 ,22746710,$44.98 ,$45.19 ,$44.44 
11/15/2019,$45.09 ,32387640,$45.07 ,$45.65 ,$44.81 
11/14/2019,$44.91 ,65609860,$45.56 ,$46 ,$44.60 
11/13/2019,$48.46 ,27250240,$48.24 ,$48.85 ,$48.15 
11/12/2019,$48.37 ,15641770,$48.29 ,$48.74 ,$48.12 
11/11/2019,$48.10 ,19595430,$48.01 ,$48.47 ,$47.56 
11/8/2019,$48.83 ,14414060,$48.42 ,$48.85 ,$48.05 
11/7/2019,$48.42 ,16717750,$48.61 ,$48.98 ,$48.20 
11/6/2019,$48.27 ,15904470,$47.81 ,$48.50 ,$47.79 
11/5/2019,$47.76 ,18988940,$47.59 ,$47.92 ,$47.26 
11/4/2019,$47.48 ,15018910,$47.50 ,$47.88 ,$47.32 
11/1/2019,$47.03 ,24404130,$46.85 ,$47.49 ,$46.64 
10/31/2019,$47.51 ,12488290,$47.60 ,$47.65 ,$47.10 
10/30/2019,$47.56 ,12062030,$47.30 ,$47.58 ,$47.16 
10/29/2019,$47.24 ,13713940,$47 ,$47.43 ,$46.91 
10/28/2019,$47.17 ,13859730,$47.15 ,$47.60 ,$47.06 
10/25/2019,$46.90 ,15701150,$46.54 ,$46.99 ,$46.46 
10/24/2019,$46.41 ,18456390,$47.23 ,$47.23 ,$46.10 
10/23/2019,$47.05 ,15680880,$47.47 ,$47.70 ,$46.84 
10/22/2019,$47.55 ,15203850,$47.50 ,$47.89 ,$47.40 
10/21/2019,$47.39 ,14455710,$47.14 ,$47.48 ,$46.97 
10/18/2019,$46.71 ,17227400,$47.10 ,$47.27 ,$46.66 
10/17/2019,$47.03 ,14386300,$47.15 ,$47.30 ,$46.60 
10/16/2019,$46.79 ,16584360,$46.36 ,$46.88 ,$46.32 
10/15/2019,$46.36 ,18806670,$46.25 ,$46.58 ,$46.04 
10/14/2019,$46.05 ,15967130,$46.55 ,$46.55 ,$46 
10/11/2019,$46.56 ,25172220,$46.67 ,$47.30 ,$46.46 
10/10/2019,$46.15 ,25016700,$46.05 ,$46.23 ,$45.55 
10/9/2019,$46.84 ,16819430,$46.92 ,$47.17 ,$46.66 
10/8/2019,$46.39 ,23711970,$47.50 ,$47.54 ,$46.35 
10/7/2019,$47.77 ,14937640,$47.47 ,$48.13 ,$47.32 
10/4/2019,$47.52 ,16775500,$47.25 ,$47.63 ,$46.95 
10/3/2019,$47.06 ,16533120,$46.32 ,$47.08 ,$45.70 
10/2/2019,$46.56 ,32061450,$47.35 ,$47.38 ,$46.01 
10/1/2019,$47.74 ,24270300,$49.65 ,$49.87 ,$47.36 
9/30/2019,$49.41 ,15107110,$48.95 ,$49.66 ,$48.95 
9/27/2019,$48.84 ,16065690,$49 ,$49.47 ,$48.60 
9/26/2019,$48.83 ,20264360,$49.43 ,$49.49 ,$48.26 
9/25/2019,$49.61 ,15685240,$49.05 ,$49.77 ,$48.58 
9/24/2019,$49.12 ,27127180,$49.75 ,$50.20 ,$48.93 
9/23/2019,$49.42 ,19673530,$49.66 ,$49.75 ,$49.28 
9/20/2019,$49.60 ,49139600,$49.29 ,$49.87 ,$48.87 
9/19/2019,$49.19 ,15433810,$49.35 ,$49.92 ,$49.04 
9/18/2019,$49.34 ,12665180,$49.47 ,$49.74 ,$48.78 
9/17/2019,$49.41 ,16129130,$49.98 ,$50.02 ,$49.18 
9/16/2019,$49.96 ,13025570,$49.80 ,$50.18 ,$49.79 
9/13/2019,$50.03 ,15867790,$50.01 ,$50.22 ,$49.76 
9/12/2019,$49.93 ,16546700,$50.28 ,$50.30 ,$49.41 
9/11/2019,$50.03 ,18655960,$49.95 ,$50.07 ,$49.33 
9/10/2019,$49.21 ,16119220,$48.57 ,$49.35 ,$47.95 
9/9/2019,$48.58 ,21175060,$48.97 ,$49.01 ,$48.46 
9/6/2019,$48.84 ,17939060,$48.65 ,$48.99 ,$48.27 
9/5/2019,$48.42 ,18436760,$48.02 ,$48.71 ,$47.78 
9/4/2019,$47.32 ,13707390,$47.02 ,$47.41 ,$46.89 
9/3/2019,$46.50 ,17010970,$46.63 ,$46.97 ,$46.20 
8/30/2019,$46.81 ,19250690,$47.52 ,$47.57 ,$46.55 
8/29/2019,$47.27 ,14733680,$47.59 ,$47.91 ,$47.11 
8/28/2019,$46.87 ,11193850,$46.53 ,$46.96 ,$46.24 
8/27/2019,$46.79 ,20863840,$47.54 ,$47.65 ,$46.69 
8/26/2019,$47.10 ,14823800,$47.05 ,$47.27 ,$46.67 
8/23/2019,$46.61 ,25882000,$47.90 ,$48.52 ,$46.43 
8/22/2019,$48.18 ,21519320,$49.24 ,$49.33 ,$47.94 
8/21/2019,$48.77 ,18368660,$48.50 ,$48.93 ,$48.36 
8/20/2019,$47.93 ,18204990,$48.54 ,$48.59 ,$47.92 
8/19/2019,$48.50 ,26410560,$47.90 ,$48.60 ,$47.49 
8/16/2019,$46.96 ,25000250,$46.42 ,$47.36 ,$46.40 
8/15/2019,$46.25 ,61385210,$47.36 ,$47.94 ,$46 
8/14/2019,$50.61 ,30213430,$52.12 ,$52.12 ,$50.13 
8/13/2019,$52.72 ,21679100,$51.47 ,$53.07 ,$51.20 
8/12/2019,$51.54 ,16388270,$52.27 ,$52.36 ,$51.34 
8/9/2019,$52.43 ,17425040,$52.78 ,$52.87 ,$52.04 
8/8/2019,$53.16 ,26093470,$52.79 ,$53.36 ,$52.59 
8/7/2019,$52.34 ,24128600,$51.83 ,$52.49 ,$51.21 
8/6/2019,$52.60 ,20708380,$51.95 ,$52.73 ,$51.60 
8/5/2019,$51.37 ,29931800,$52.39 ,$52.54 ,$50.94 
8/2/2019,$53.25 ,29021920,$54.22 ,$54.32 ,$52.58 
8/1/2019,$55.39 ,19020640,$55.84 ,$56.89 ,$55.16 
7/31/2019,$55.40 ,17441210,$56.33 ,$56.83 ,$54.90 
7/30/2019,$56.47 ,9623420,$56.85 ,$56.90 ,$56.35 
7/29/2019,$56.93 ,12051150,$56.69 ,$57.15 ,$56.54 
7/26/2019,$56.53 ,15243020,$56.68 ,$56.84 ,$56.37 
7/25/2019,$56.62 ,15127250,$57.36 ,$57.50 ,$56.37 
7/24/2019,$57.23 ,18176990,$57.58 ,$57.68 ,$57.11 
7/23/2019,$57.71 ,12692210,$58.06 ,$58.10 ,$57.48 
7/22/2019,$57.73 ,10485790,$57.46 ,$58.01 ,$57.37 
7/19/2019,$57.36 ,13882570,$57.81 ,$58.07 ,$57.32 
7/18/2019,$57.74 ,10292940,$57.05 ,$57.79 ,$56.90 
7/17/2019,$57.21 ,9266851,$57.57 ,$57.79 ,$57.19 
7/16/2019,$57.62 ,11501070,$58.13 ,$58.26 ,$57.46 
7/15/2019,$58.05 ,8809738,$58 ,$58.23 ,$57.87 
7/12/2019,$57.95 ,13660590,$57.58 ,$57.99 ,$57.57 
7/11/2019,$57.30 ,15994550,$57.37 ,$57.62 ,$56.92 
7/10/2019,$57.13 ,19362570,$56.69 ,$57.65 ,$56.60 
7/9/2019,$56.34 ,19564010,$56.37 ,$56.69 ,$56.04 
7/8/2019,$56.19 ,15835100,$56.25 ,$56.48 ,$55.96 
7/5/2019,$56.60 ,14273870,$56 ,$56.73 ,$55.71 
7/3/2019,$56.48 ,13866800,$55.77 ,$56.54 ,$55.54 
7/2/2019,$55.81 ,20314320,$54.83 ,$55.92 ,$54.78 
7/1/2019,$54.74 ,28483970,$55.26 ,$55.35 ,$54.23 
6/28/2019,$54.73 ,103123400,$55.91 ,$55.98 ,$54.03 
6/27/2019,$55.73 ,23959910,$56.94 ,$57.25 ,$55.47 
6/26/2019,$56.60 ,19286150,$56.54 ,$57.05 ,$56.36 
6/25/2019,$56.08 ,25520630,$57.06 ,$57.20 ,$56.01 
6/24/2019,$57.18 ,17794410,$57.25 ,$57.29 ,$56.69 
6/21/2019,$57.03 ,57588750,$57.41 ,$58.15 ,$56.98 
6/20/2019,$57.41 ,20969790,$57 ,$57.54 ,$56.68 
6/19/2019,$56.13 ,21096330,$56.04 ,$56.37 ,$55.77 
6/18/2019,$56.05 ,21173210,$56.07 ,$56.65 ,$55.75 
6/17/2019,$55.40 ,20392570,$54.99 ,$55.47 ,$54.86 
6/14/2019,$54.75 ,22530450,$55.99 ,$56.02 ,$54.66 
6/13/2019,$56.17 ,15785280,$55.92 ,$56.27 ,$55.78 
6/12/2019,$55.86 ,23183030,$56.05 ,$56.59 ,$55.65 
6/11/2019,$57.11 ,26723750,$56.74 ,$57.56 ,$56.73 
6/10/2019,$56.42 ,16871200,$56.14 ,$56.65 ,$55.96 
6/7/2019,$55.93 ,17394940,$55.41 ,$56.30 ,$55.03 
6/6/2019,$55.10 ,15927320,$54.89 ,$55.30 ,$54.21 
6/5/2019,$54.75 ,22521860,$53.85 ,$54.79 ,$53.75 
6/4/2019,$53.23 ,21689300,$52.48 ,$53.64 ,$52.41 
6/3/2019,$51.78 ,22380490,$52.05 ,$52.57 ,$51.49 
5/31/2019,$52.03 ,20480450,$52.79 ,$52.88 ,$52.01 
5/30/2019,$53.57 ,12954270,$53.44 ,$53.78 ,$53.34 
5/29/2019,$53.18 ,19762120,$53.55 ,$53.55 ,$52.86 
5/28/2019,$53.93 ,29769160,$54.74 ,$55.03 ,$53.82 
5/24/2019,$54.37 ,13057590,$54.57 ,$54.67 ,$54.06 
5/23/2019,$54.19 ,22734210,$54.91 ,$55.01 ,$53.94 
5/22/2019,$55.69 ,19479170,$56.22 ,$56.30 ,$55.67 
5/21/2019,$56.52 ,18562320,$56.68 ,$56.75 ,$56.13 
5/20/2019,$56.01 ,21004120,$55.80 ,$56.39 ,$55.55 
5/17/2019,$56.35 ,27299350,$55.78 ,$56.83 ,$55.52 
5/16/2019,$55.93 ,46057800,$54.27 ,$56.40 ,$54.12 
5/15/2019,$52.44 ,30577210,$51.76 ,$52.71 ,$51.69 
5/14/2019,$52.02 ,25478280,$51.45 ,$52.44 ,$51.38 
5/13/2019,$51.30 ,28869930,$51.83 ,$52.26 ,$51.06 
5/10/2019,$53.36 ,21795900,$52.61 ,$53.55 ,$51.95 
5/9/2019,$52.92 ,24322800,$52.82 ,$53.21 ,$52.23 
5/8/2019,$53.47 ,21525070,$53.17 ,$53.94 ,$53.13 
5/7/2019,$53.45 ,25289720,$53.86 ,$54.24 ,$52.94 
5/6/2019,$54.59 ,17025890,$53.86 ,$54.76 ,$53.56 
5/3/2019,$54.94 ,26887110,$54.64 ,$54.99 ,$54.18 
5/2/2019,$54.94 ,24220610,$55.48 ,$55.89 ,$54.82 
5/1/2019,$55.58 ,17648490,$56 ,$56.35 ,$55.51 
4/30/2019,$55.95 ,20398280,$56 ,$56.12 ,$55.53 
4/29/2019,$56.13 ,15563610,$55.67 ,$56.22 ,$55.55 
4/26/2019,$55.88 ,17679540,$56.02 ,$56.37 ,$55.68 
4/25/2019,$56.33 ,15393540,$56.46 ,$56.78 ,$56.01 
4/24/2019,$56.88 ,12855010,$56.64 ,$57.15 ,$56.58 
4/23/2019,$56.69 ,18266180,$56.43 ,$56.70 ,$56.20 
4/22/2019,$56.34 ,11949300,$56.16 ,$56.60 ,$56.10 
4/18/2019,$56.40 ,17948330,$56.63 ,$56.70 ,$56.11 
4/17/2019,$56.31 ,24403980,$57.18 ,$57.32 ,$56.29 
4/16/2019,$56.95 ,19712140,$56.62 ,$57.53 ,$56.61 
4/15/2019,$56.56 ,12182160,$56.40 ,$56.61 ,$56.24 
4/12/2019,$56.29 ,14318480,$55.93 ,$56.36 ,$55.79 
4/11/2019,$55.60 ,13165710,$55.93 ,$55.95 ,$55.31 
4/10/2019,$55.82 ,13350460,$55.11 ,$55.84 ,$55.11 
4/9/2019,$55.18 ,15506220,$55.08 ,$55.42 ,$54.86 
4/8/2019,$55.49 ,13857990,$55.20 ,$55.56 ,$54.79 
4/5/2019,$55.21 ,13812110,$55.25 ,$55.61 ,$55.13 
4/4/2019,$55.14 ,16409860,$55.37 ,$55.68 ,$54.86 
4/3/2019,$55.63 ,21105750,$55.46 ,$55.80 ,$55.07 
4/2/2019,$55.29 ,17227420,$55 ,$55.41 ,$54.97 
4/1/2019,$54.98 ,19172040,$54.48 ,$55.02 ,$54.39 
3/29/2019,$53.99 ,19567220,$53.70 ,$54 ,$53.36 
3/28/2019,$53.36 ,13069300,$53.19 ,$53.69 ,$53.02 
3/27/2019,$53.14 ,20432340,$53.30 ,$53.66 ,$52.74 
3/26/2019,$53.23 ,17493190,$53.19 ,$53.49 ,$53 
3/25/2019,$52.73 ,15782340,$52.70 ,$52.93 ,$52.25 
3/22/2019,$52.74 ,23911520,$53.91 ,$54.14 ,$52.70 
3/21/2019,$53.94 ,20058490,$53.08 ,$54.23 ,$53.04 
3/20/2019,$53.26 ,21135400,$53.16 ,$53.87 ,$52.86 
3/19/2019,$53.31 ,19928250,$53.79 ,$54 ,$53.14 
3/18/2019,$53.51 ,18965300,$53.27 ,$53.94 ,$53.09 
3/15/2019,$53.20 ,43636610,$52.94 ,$53.62 ,$52.93 
3/14/2019,$52.74 ,19135330,$52.63 ,$52.96 ,$52.51 
3/13/2019,$52.59 ,20218250,$52.41 ,$52.86 ,$52.14 
3/12/2019,$52.15 ,19301720,$52.01 ,$52.28 ,$51.68 
3/11/2019,$51.92 ,16706780,$51.14 ,$52.09 ,$51.10 
3/8/2019,$51.07 ,18165080,$50.72 ,$51.13 ,$50.51 
3/7/2019,$51.29 ,22182650,$51.55 ,$51.97 ,$51.21 
3/6/2019,$51.67 ,19640560,$51.37 ,$51.79 ,$50.92 
3/5/2019,$51.30 ,14834820,$51.12 ,$51.51 ,$50.97 
3/4/2019,$51.16 ,18265440,$51.65 ,$51.92 ,$50.63 
3/1/2019,$51.41 ,22848980,$52 ,$52.09 ,$51.27 
2/28/2019,$51.77 ,30250070,$51.55 ,$51.96 ,$51.35 
2/27/2019,$51.59 ,19926690,$51.21 ,$51.65 ,$50.89 
2/26/2019,$51.18 ,18983740,$50.51 ,$51.41 ,$50.48 
2/25/2019,$50.79 ,22770960,$50.34 ,$51 ,$50.34 
2/22/2019,$50.11 ,22004110,$49.70 ,$50.22 ,$49.58 
2/21/2019,$49.41 ,16011660,$49.54 ,$49.72 ,$49.20 
2/20/2019,$49.63 ,17323220,$49.70 ,$49.80 ,$49.35 
2/19/2019,$49.65 ,20051060,$49.20 ,$49.93 ,$49.20 
2/15/2019,$49.43 ,30101530,$48.83 ,$49.59 ,$48.44 
2/14/2019,$48.40 ,47551290,$48.85 ,$49.68 ,$48.34 
2/13/2019,$47.50 ,28036640,$47.86 ,$47.95 ,$47.12 
2/12/2019,$47.89 ,23672200,$47.27 ,$48.15 ,$47.16 
2/11/2019,$47.58 ,19214110,$47.34 ,$47.71 ,$47.13 
2/8/2019,$47.19 ,17559080,$46.40 ,$47.20 ,$46.30 
2/7/2019,$46.70 ,20280440,$47.19 ,$47.32 ,$46.49 
2/6/2019,$47.48 ,17667960,$47.12 ,$47.59 ,$46.95 
2/5/2019,$47.26 ,16390490,$47.42 ,$47.46 ,$47.08 
2/4/2019,$47.35 ,15691000,$47.22 ,$47.47 ,$47.12 
2/1/2019,$47.34 ,16238990,$47.37 ,$47.56 ,$47.05 
1/31/2019,$47.29 ,23096110,$46.72 ,$47.38 ,$46.52 
1/30/2019,$46.71 ,18261270,$45.94 ,$46.93 ,$45.92 
1/29/2019,$45.96 ,14450040,$45.81 ,$46.05 ,$45.65 
1/28/2019,$45.75 ,18294750,$45.73 ,$45.77 ,$45.23 
1/25/2019,$46.13 ,24196550,$46.12 ,$46.66 ,$45.95 
1/24/2019,$45.61 ,17355980,$45.63 ,$45.75 ,$45.23 
1/23/2019,$45.46 ,24760580,$45.14 ,$45.88 ,$45.02 
1/22/2019,$44.78 ,21272760,$44.88 ,$45.24 ,$44.38 
1/18/2019,$45.03 ,24388480,$44.48 ,$45.35 ,$44.31 
1/17/2019,$44.21 ,18805540,$43.87 ,$44.53 ,$43.80 
1/16/2019,$43.96 ,17203650,$44.12 ,$44.24 ,$43.76 
1/15/2019,$44.02 ,17742610,$43.33 ,$44.04 ,$43.15 
1/14/2019,$43.21 ,16039450,$43.08 ,$43.39 ,$43 
1/11/2019,$43.49 ,17378410,$43.11 ,$43.54 ,$42.89 
1/10/2019,$43.24 ,23258840,$43.11 ,$43.29 ,$42.58 
1/9/2019,$43.32 ,22639010,$43.87 ,$43.87 ,$43.17 
1/8/2019,$43.56 ,21966150,$43.57 ,$43.94 ,$43.10 
1/7/2019,$43.21 ,19448750,$42.86 ,$43.65 ,$42.76 
1/4/2019,$42.92 ,27509040,$41.85 ,$43 ,$41.53 
1/3/2019,$41.07 ,29604460,$42.30 ,$42.41 ,$40.96 
1/2/2019,$42.95 ,23781970,$42.28 ,$43.20 ,$42.21 
12/31/2018,$43.33 ,20580320,$43.19 ,$43.55 ,$42.89 
12/28/2018,$42.77 ,22447250,$43.17 ,$43.53 ,$42.46 
12/27/2018,$42.91 ,28386320,$41.89 ,$42.93 ,$41.15 
12/26/2018,$42.47 ,33177990,$40.68 ,$42.50 ,$40.40 
12/24/2018,$40.28 ,24069390,$41.70 ,$41.81 ,$40.25 
12/21/2018,$41.85 ,75114250,$42.91 ,$43.46 ,$41.74 
12/20/2018,$42.49 ,38808240,$42.99 ,$43.23 ,$41.87 
12/19/2018,$43.14 ,34548290,$43.89 ,$44.92 ,$42.57 
12/18/2018,$44.06 ,29740160,$44.55 ,$44.61 ,$43.73 
12/17/2018,$44.20 ,35666160,$45.82 ,$45.99 ,$43.91 
12/14/2018,$45.82 ,27359450,$46.37 ,$46.62 ,$45.64 
12/13/2018,$47.47 ,19940510,$47.68 ,$47.97 ,$47.13 
12/12/2018,$47.42 ,23144050,$47.92 ,$48.20 ,$47.36 
12/11/2018,$47.09 ,25063320,$47.86 ,$47.90 ,$46.71 
12/10/2018,$46.86 ,28504910,$46.30 ,$47.13 ,$45.82 
12/7/2018,$46.44 ,37981320,$48.16 ,$48.49 ,$46.36 
12/6/2018,$48.39 ,39528570,$46.99 ,$48.46 ,$46.47 
12/4/2018,$47.35 ,30681830,$48.70 ,$49.14 ,$47.25 
12/3/2018,$48.74 ,24551800,$48.32 ,$48.79 ,$48.08 
11/30/2018,$47.87 ,41600200,$47.27 ,$47.91 ,$46.92 
11/29/2018,$47.34 ,22603300,$46.90 ,$47.76 ,$46.90 
11/28/2018,$47.29 ,23832780,$46.30 ,$47.48 ,$46.12 
11/27/2018,$46.12 ,21458050,$45.45 ,$46.39 ,$45.21 
11/26/2018,$45.57 ,17444640,$45.14 ,$45.64 ,$45.09 
11/23/2018,$44.54 ,9372865,$44.45 ,$45.12 ,$44.39 
11/21/2018,$44.89 ,19909630,$44.95 ,$45.18 ,$44.40 
11/20/2018,$44.49 ,28422090,$44.92 ,$45.29 ,$44.14 
11/19/2018,$45.75 ,27896070,$46.35 ,$46.58 ,$45.25 
11/16/2018,$46.35 ,31050880,$46.46 ,$47.04 ,$46.13 
11/15/2018,$46.77 ,45946200,$46.80 ,$47.10 ,$45.15 
11/14/2018,$44.33 ,36260390,$45.46 ,$45.64 ,$44.08 
11/13/2018,$45.12 ,26179830,$45.70 ,$46.06 ,$45.03 
11/12/2018,$45.62 ,25324240,$47.14 ,$47.25 ,$45.54 
11/9/2018,$47.11 ,22005840,$48.08 ,$48.25 ,$46.70 
11/8/2018,$48.44 ,20852120,$47.87 ,$48.44 ,$47.87 
11/7/2018,$47.90 ,19979040,$46.98 ,$47.93 ,$46.75 
11/6/2018,$46.50 ,15308950,$46.04 ,$46.62 ,$46 
11/5/2018,$46.14 ,17363970,$45.74 ,$46.44 ,$45.35 
11/2/2018,$45.48 ,25391890,$45.72 ,$46.09 ,$44.98 
11/1/2018,$45.65 ,24608270,$45.67 ,$45.88 ,$45.10 
10/31/2018,$45.75 ,25983360,$45.05 ,$46.30 ,$44.89 
10/30/2018,$44.58 ,25827190,$43.92 ,$44.70 ,$43.75 
10/29/2018,$43.84 ,27857070,$44.89 ,$45.05 ,$42.94 
10/26/2018,$44.25 ,31786250,$44.57 ,$45.11 ,$43.78 
10/25/2018,$45.47 ,26587750,$44.62 ,$45.81 ,$44.21 
10/24/2018,$44.07 ,28839620,$45.49 ,$45.68 ,$43.96 
10/23/2018,$45.42 ,21833600,$45.15 ,$45.77 ,$44.44 
10/22/2018,$45.76 ,18945570,$45.77 ,$46.28 ,$45.41 
10/19/2018,$45.34 ,21126480,$45.40 ,$46.20 ,$45.13 
10/18/2018,$45.46 ,19033020,$46.30 ,$46.49 ,$45.15 
10/17/2018,$45.94 ,17655080,$45.89 ,$46.23 ,$45.22 
10/16/2018,$45.82 ,22034550,$45.29 ,$45.94 ,$44.85 
10/15/2018,$44.67 ,26066840,$45.52 ,$45.72 ,$44.67 
10/12/2018,$45.71 ,35317410,$44.93 ,$45.85 ,$44.46 
10/11/2018,$44.12 ,36334240,$45.46 ,$45.60 ,$43.92 
10/10/2018,$45.63 ,32456530,$47.44 ,$47.51 ,$45.54 
10/9/2018,$47.49 ,17003210,$47.53 ,$48.03 ,$47.28 
10/8/2018,$47.52 ,23502480,$47.92 ,$48.50 ,$47.15 
10/5/2018,$48.13 ,19096070,$48.40 ,$48.85 ,$47.61 
10/4/2018,$48.38 ,22106130,$48.63 ,$48.77 ,$48.04 
10/3/2018,$49.14 ,16731080,$49.26 ,$49.47 ,$49.07 
10/2/2018,$49.01 ,15670890,$48.75 ,$49.14 ,$48.67 
10/1/2018,$48.87 ,13616830,$49 ,$49.14 ,$48.67 
9/28/2018,$48.65 ,15474140,$48.27 ,$48.80 ,$48.06 
9/27/2018,$48.33 ,15894330,$48.33 ,$48.76 ,$48.21 
9/26/2018,$48.41 ,20057700,$48.74 ,$49.06 ,$48.27 
9/25/2018,$48.47 ,15106490,$48.57 ,$48.88 ,$48.43 
9/24/2018,$48.44 ,20067430,$48.21 ,$48.62 ,$48.19 
9/21/2018,$48.56 ,59276640,$47.93 ,$48.64 ,$47.82 
9/20/2018,$47.73 ,17006820,$47.41 ,$47.81 ,$47.16 
9/19/2018,$47.28 ,12452030,$47.42 ,$47.62 ,$47.12 
9/18/2018,$47.46 ,16308210,$47.07 ,$47.65 ,$47.07 
9/17/2018,$47.11 ,13938530,$47.23 ,$47.58 ,$47.07 
9/14/2018,$47.40 ,13726310,$47.27 ,$47.49 ,$47.10 
9/13/2018,$47.24 ,17717260,$46.84 ,$47.40 ,$46.80 
9/12/2018,$46.89 ,16573920,$46.86 ,$47.01 ,$46.44 
9/11/2018,$47.03 ,16954200,$46.91 ,$47.17 ,$46.44 
9/10/2018,$47.07 ,16049010,$47.30 ,$47.46 ,$46.78 
9/7/2018,$47.05 ,16099670,$47.01 ,$47.49 ,$46.88 
9/6/2018,$47.28 ,16428110,$47.44 ,$47.90 ,$47.07 
9/5/2018,$47.27 ,20773780,$47.56 ,$47.65 ,$46.76 
9/4/2018,$47.73 ,19087240,$47.84 ,$48.06 ,$47.51 
8/31/2018,$47.77 ,24855210,$46.91 ,$47.83 ,$46.80 
8/30/2018,$47.15 ,15957340,$47.31 ,$47.54 ,$46.97 
8/29/2018,$47.48 ,20199770,$47.07 ,$47.62 ,$46.90 
8/28/2018,$46.95 ,19098320,$46.78 ,$47.27 ,$46.62 
8/27/2018,$46.59 ,17155060,$46.50 ,$46.86 ,$46.34 
8/24/2018,$46.32 ,15473460,$46.20 ,$46.44 ,$46.07 
8/23/2018,$46.02 ,15220370,$45.88 ,$46.25 ,$45.85 
8/22/2018,$45.99 ,13192320,$45.95 ,$46.16 ,$45.72 
8/21/2018,$45.78 ,17904600,$46.25 ,$46.43 ,$45.72 
8/20/2018,$46.22 ,19194090,$45.99 ,$46.33 ,$45.78 
8/17/2018,$45.87 ,22513290,$45.10 ,$46.08 ,$44.92 
8/16/2018,$45.16 ,48484090,$45.77 ,$46.09 ,$45.08 
8/15/2018,$43.86 ,27304420,$43.66 ,$44.50 ,$43.01 
8/14/2018,$44 ,15479000,$43.84 ,$44.28 ,$43.58 
8/13/2018,$43.75 ,17990490,$44.08 ,$44.39 ,$43.70 
8/10/2018,$43.78 ,14151530,$43.69 ,$43.95 ,$43.58 
8/9/2018,$43.78 ,14007050,$43.89 ,$44.11 ,$43.70 
8/8/2018,$43.84 ,13889140,$43.64 ,$43.96 ,$43.44 
8/7/2018,$43.58 ,17569920,$43.30 ,$43.64 ,$43.24 
8/6/2018,$43.30 ,13972820,$42.73 ,$43.41 ,$42.66 
8/3/2018,$42.83 ,13252090,$42.71 ,$42.88 ,$42.46 
8/2/2018,$42.53 ,17833120,$41.39 ,$42.60 ,$41.20 
8/1/2018,$41.86 ,21646990,$41.99 ,$42.34 ,$41.33 
7/31/2018,$42.29 ,20842710,$42.24 ,$42.62 ,$41.92 
7/30/2018,$42.17 ,15148900,$42.46 ,$42.61 ,$42.08 
7/27/2018,$42.57 ,22049200,$43.26 ,$43.62 ,$42.42 
7/26/2018,$43.53 ,22436110,$43.58 ,$43.83 ,$43.22 
7/25/2018,$43.16 ,20642120,$42.36 ,$43.22 ,$42.29 
7/24/2018,$42.39 ,17493040,$42.22 ,$42.88 ,$42.07 
7/23/2018,$42.06 ,14965470,$41.92 ,$42.12 ,$41.44 
7/20/2018,$42.01 ,20732010,$42.26 ,$42.37 ,$41.86 
7/19/2018,$42.40 ,23925010,$42.80 ,$43.01 ,$42.22 
7/18/2018,$42.21 ,20179350,$42.24 ,$42.47 ,$42.15 
7/17/2018,$42.34 ,21175890,$42.21 ,$42.51 ,$42.14 
7/16/2018,$42.50 ,24400160,$42.05 ,$42.94 ,$42 
7/13/2018,$41.78 ,50815530,$43.52 ,$43.78 ,$40.94 
7/12/2018,$43.58 ,17820850,$42.76 ,$43.63 ,$42.75 
7/11/2018,$42.57 ,17490400,$42.56 ,$42.76 ,$42.44 
7/10/2018,$42.86 ,19717090,$42.87 ,$43.04 ,$42.71 
7/9/2018,$42.67 ,22941980,$42.75 ,$42.78 ,$42.36 
7/6/2018,$42.71 ,20213540,$42.39 ,$42.88 ,$42.31 
7/5/2018,$42.56 ,17438470,$42.56 ,$42.64 ,$41.96 
7/3/2018,$42.67 ,13474690,$42.94 ,$43.23 ,$42.62 
7/2/2018,$42.81 ,21399550,$42.56 ,$42.83 ,$42.20 
6/29/2018,$43.03 ,20521300,$43.05 ,$43.50 ,$42.97 
6/28/2018,$42.94 ,22195730,$42.33 ,$43.19 ,$42.28 
6/27/2018,$42.33 ,20784590,$42.73 ,$43.15 ,$42.28 
6/26/2018,$42.55 ,22143280,$42.48 ,$43.14 ,$42.39 
6/25/2018,$42.29 ,28589460,$42.69 ,$42.82 ,$41.81 
6/22/2018,$43.20 ,27453340,$43.34 ,$43.45 ,$42.89 
6/21/2018,$43.16 ,20877690,$43.69 ,$43.78 ,$43.06 
6/20/2018,$43.74 ,21270730,$43.95 ,$43.99 ,$43.70 
6/19/2018,$43.82 ,22188320,$43.62 ,$44.02 ,$43.44 
6/18/2018,$44.21 ,17624320,$43.87 ,$44.42 ,$43.39 
6/15/2018,$44.25 ,49308790,$44.36 ,$44.53 ,$43.59 
6/14/2018,$44.69 ,23990460,$44.23 ,$44.81 ,$44.05 
6/13/2018,$44.01 ,23679260,$44.02 ,$44.53 ,$43.84 
6/12/2018,$43.94 ,17373450,$43.68 ,$43.95 ,$43.47 
6/11/2018,$43.69 ,14943020,$43.62 ,$43.92 ,$43.44 
6/8/2018,$43.48 ,18784180,$43.52 ,$43.73 ,$43.31 
6/7/2018,$43.65 ,19708850,$44.24 ,$44.39 ,$43.35 
6/6/2018,$44.26 ,17725200,$43.76 ,$44.31 ,$43.66 
6/5/2018,$43.67 ,16704400,$43.74 ,$43.75 ,$43.39 
6/4/2018,$43.58 ,18020580,$43.50 ,$43.83 ,$43.21 
6/1/2018,$43.66 ,18339430,$42.91 ,$43.69 ,$42.88 
5/31/2018,$42.71 ,31415800,$42.86 ,$43.13 ,$42.61 
5/30/2018,$42.85 ,22388350,$43.08 ,$43.34 ,$42.83 
5/29/2018,$42.97 ,25106260,$42.77 ,$43.16 ,$42.52 
5/25/2018,$43.26 ,15320920,$43.46 ,$43.62 ,$43.21 
5/24/2018,$43.57 ,18364810,$43.60 ,$43.97 ,$43.01 
5/23/2018,$43.68 ,20609390,$43.40 ,$43.70 ,$42.89 
5/22/2018,$43.65 ,16372660,$43.79 ,$43.91 ,$43.48 
5/21/2018,$43.75 ,21603920,$43.49 ,$43.94 ,$43.42 
5/18/2018,$43.21 ,22929430,$43.46 ,$43.57 ,$43.11 
5/17/2018,$43.46 ,47154700,$43.13 ,$44.16 ,$43.02 
5/16/2018,$45.16 ,30653940,$45.36 ,$45.55 ,$45.01 
5/15/2018,$45.48 ,24724400,$45.21 ,$45.55 ,$44.93 
5/14/2018,$45.70 ,22034520,$45.75 ,$46.23 ,$45.67 
5/11/2018,$45.93 ,17499890,$46.09 ,$46.27 ,$45.78 
5/10/2018,$46.30 ,18465780,$46 ,$46.37 ,$45.67 
5/9/2018,$46.04 ,20435300,$45.90 ,$46.10 ,$45.19 
5/8/2018,$45.71 ,19942980,$45.82 ,$45.87 ,$45.38 
5/7/2018,$45.73 ,17850060,$45.36 ,$46 ,$45.30 
5/4/2018,$45.30 ,19498480,$44.01 ,$45.50 ,$43.90 
5/3/2018,$44.44 ,23572170,$44.01 ,$44.81 ,$43.44 
5/2/2018,$43.86 ,22496130,$44.91 ,$45.05 ,$43.80 
5/1/2018,$44.83 ,16863160,$43.91 ,$44.95 ,$43.83 
4/30/2018,$44.29 ,19883740,$44.92 ,$45.18 ,$44.28 
4/27/2018,$44.71 ,20076700,$44.69 ,$45.34 ,$44.36 
4/26/2018,$44.21 ,20455390,$43.98 ,$44.49 ,$43.44 
4/25/2018,$43.71 ,20325570,$43.80 ,$43.99 ,$42.75 
4/24/2018,$43.74 ,21415970,$44.43 ,$44.91 ,$43.33 
4/23/2018,$44.25 ,20355360,$44.26 ,$44.48 ,$43.87 
4/20/2018,$44.09 ,23171060,$44.50 ,$44.75 ,$43.62 
4/19/2018,$44.56 ,21449420,$44.42 ,$44.95 ,$44.38 
4/18/2018,$44.63 ,17578570,$44.61 ,$44.92 ,$44.30 
4/17/2018,$44.59 ,21435820,$43.85 ,$44.75 ,$43.71 
4/16/2018,$43.30 ,15807210,$43.12 ,$43.64 ,$43.03 
4/13/2018,$43 ,18255740,$43.55 ,$43.74 ,$42.64 
4/12/2018,$43.34 ,22278230,$42.78 ,$43.64 ,$42.73 
4/11/2018,$42.43 ,21692330,$42.42 ,$42.90 ,$42.26 
4/10/2018,$42.51 ,22780610,$42.10 ,$42.71 ,$41.75 
4/9/2018,$41.17 ,25033240,$40.95 ,$42.06 ,$40.90 
4/6/2018,$40.73 ,31104570,$41.40 ,$41.68 ,$40.45 
4/5/2018,$41.82 ,29057260,$41.50 ,$42.02 ,$41.38 
4/4/2018,$41.20 ,30110990,$40.39 ,$41.55 ,$40.19 
4/3/2018,$41.38 ,27968850,$41.34 ,$41.50 ,$40.72 
4/2/2018,$41.01 ,36680830,$42.52 ,$42.63 ,$40.53 
3/29/2018,$42.89 ,55009080,$41.94 ,$42.93 ,$41.58 
3/28/2018,$41.66 ,36123300,$42.51 ,$42.84 ,$41.62 
3/27/2018,$42.68 ,30920630,$44.49 ,$44.52 ,$42.24 
3/26/2018,$44.06 ,28997320,$43.25 ,$44.16 ,$42.83 
3/23/2018,$42.42 ,31699040,$43.71 ,$43.84 ,$42.42 
3/22/2018,$43.07 ,29496210,$43.76 ,$44.02 ,$43.02 
3/21/2018,$44.31 ,22520410,$44.24 ,$44.90 ,$44.13 
3/20/2018,$44.37 ,22808770,$44.49 ,$44.64 ,$44.18 
3/19/2018,$44.27 ,26263650,$44.59 ,$44.82 ,$43.90 
3/16/2018,$45.01 ,55176300,$45.33 ,$45.60 ,$44.97 
3/15/2018,$45.33 ,23473930,$45.30 ,$45.74 ,$45.12 
3/14/2018,$45.28 ,21135230,$45.34 ,$45.76 ,$45.09 
3/13/2018,$45.16 ,23394640,$45.78 ,$46.16 ,$44.92 
3/12/2018,$45.55 ,17986630,$45.53 ,$45.87 ,$45.40 
3/9/2018,$45.37 ,22204540,$44.62 ,$45.54 ,$44.61 
3/8/2018,$44.34 ,20995970,$44.25 ,$44.41 ,$43.94 
3/7/2018,$44.20 ,22032060,$44.03 ,$44.39 ,$43.80 
3/6/2018,$44.29 ,21189510,$44.65 ,$44.79 ,$44.14 
3/5/2018,$44.52 ,20761160,$43.92 ,$44.77 ,$43.70 
3/2/2018,$44.06 ,28574960,$43.29 ,$44.22 ,$43.10 
3/1/2018,$43.80 ,32092350,$44.68 ,$45 ,$43.35 
2/28/2018,$44.78 ,26749310,$45.27 ,$45.89 ,$44.78 
2/27/2018,$45.04 ,27390380,$45.41 ,$45.61 ,$44.62 
2/26/2018,$45.36 ,27765720,$44.30 ,$45.45 ,$44.13 
2/23/2018,$44 ,25427160,$43.37 ,$44.04 ,$42.92 
2/22/2018,$42.94 ,25819550,$43.49 ,$43.56 ,$42.75 
2/21/2018,$43.31 ,28161400,$44.11 ,$44.42 ,$43.28 
2/20/2018,$44.06 ,28572730,$44 ,$44.69 ,$43.81 
2/16/2018,$44.33 ,38624660,$43.89 ,$45.09 ,$43.79 
2/15/2018,$44.08 ,72045260,$45.07 ,$45.13 ,$43.26 
2/14/2018,$42.09 ,43187830,$41.04 ,$42.26 ,$40.99 
2/13/2018,$41.23 ,29388340,$40.50 ,$41.31 ,$40.22 
2/12/2018,$40.60 ,38095480,$40.52 ,$40.91 ,$40.23 
2/9/2018,$39.53 ,51280500,$39 ,$39.92 ,$38.23 
2/8/2018,$38.77 ,42702980,$40.44 ,$40.76 ,$38.72 
2/7/2018,$40.34 ,32521600,$40.31 ,$41.21 ,$40.03 
2/6/2018,$40.17 ,54458320,$38.33 ,$40.31 ,$37.35 
2/5/2018,$38.78 ,52110420,$40.87 ,$41.41 ,$38.72 
2/2/2018,$40.93 ,26153090,$41.50 ,$41.95 ,$40.87 
2/1/2018,$41.70 ,26096880,$41.09 ,$42.11 ,$40.67 
1/31/2018,$41.54 ,36126300,$41.98 ,$42.01 ,$41.35 
1/30/2018,$42.25 ,28710950,$42.69 ,$42.86 ,$41.97 
1/29/2018,$42.85 ,23599980,$42.30 ,$42.98 ,$42.30 
1/26/2018,$42.56 ,23351950,$42.15 ,$42.56 ,$41.95 
1/25/2018,$41.90 ,19067170,$42.27 ,$42.47 ,$41.82 
1/24/2018,$42.17 ,26636840,$42.20 ,$42.69 ,$42.01 
1/23/2018,$42.10 ,23029880,$41.54 ,$42.13 ,$41.54 
1/22/2018,$41.66 ,22841180,$41.20 ,$41.66 ,$41.02 
1/19/2018,$41.29 ,24469260,$41.28 ,$41.52 ,$41.10 
1/18/2018,$41.30 ,18237820,$41.24 ,$41.48 ,$41.03 
1/17/2018,$41.20 ,24161380,$40.84 ,$41.32 ,$40.71 
1/16/2018,$40.54 ,32817380,$40.90 ,$41.16 ,$40.32 
1/12/2018,$40.87 ,23712990,$40.22 ,$40.93 ,$40.05 
1/11/2018,$40.10 ,20358640,$40.14 ,$40.21 ,$39.75 
1/10/2018,$39.91 ,19469010,$39.65 ,$40.24 ,$39.63 
1/9/2018,$39.69 ,21447900,$39.79 ,$39.96 ,$39.54 
1/8/2018,$39.94 ,16531360,$39.52 ,$39.96 ,$39.35 
1/5/2018,$39.53 ,24495250,$39.55 ,$39.88 ,$39.37 
1/4/2018,$38.99 ,20698400,$39.05 ,$39.54 ,$38.93 
1/3/2018,$39.17 ,29293220,$38.72 ,$39.29 ,$38.53 
1/2/2018,$38.86 ,20121940,$38.67 ,$38.95 ,$38.43 
12/29/2017,$38.30 ,12556720,$38.41 ,$38.62 ,$38.30 
12/28/2017,$38.59 ,8784695,$38.73 ,$38.73 ,$38.45 
12/27/2017,$38.56 ,10529380,$38.54 ,$38.65 ,$38.45 
12/26/2017,$38.48 ,8178708,$38.55 ,$38.68 ,$38.36 
12/22/2017,$38.55 ,11145180,$38.52 ,$38.74 ,$38.47 
12/21/2017,$38.53 ,16330420,$38.88 ,$39.00 ,$38.49 
12/20/2017,$38.74 ,18938610,$38.49 ,$38.80 ,$38.21 
12/19/2017,$38.30 ,19160720,$38.66 ,$38.86 ,$38.28 
12/18/2017,$38.48 ,21519990,$38.48 ,$38.89 ,$38.30 
12/15/2017,$38.19 ,47140010,$38.01 ,$38.28 ,$37.70 
12/14/2017,$37.90 ,16737240,$38.20 ,$38.27 ,$37.86 
12/13/2017,$38.15 ,20198460,$38.09 ,$38.37 ,$38 
12/12/2017,$37.91 ,16631870,$37.79 ,$38.10 ,$37.56 
12/11/2017,$37.96 ,16736550,$37.59 ,$38.04 ,$37.57 
12/8/2017,$37.61 ,13921450,$37.59 ,$37.69 ,$37.42 
12/7/2017,$37.40 ,17082860,$37.26 ,$37.78 ,$37.26 
12/6/2017,$37.41 ,16352240,$37.37 ,$37.72 ,$37.25 
12/5/2017,$37.31 ,23288110,$37.74 ,$37.82 ,$37.17 
12/4/2017,$37.72 ,29408420,$37.81 ,$37.99 ,$37.54 
12/1/2017,$37.60 ,26915540,$37.09 ,$37.66 ,$36.73 
11/30/2017,$37.30 ,30744920,$37.62 ,$37.80 ,$37.30 
11/29/2017,$37.48 ,36775350,$37.75 ,$38.03 ,$37.23 
11/28/2017,$37.73 ,30906760,$37 ,$37.80 ,$36.98 
11/27/2017,$36.87 ,20790130,$36.51 ,$37.09 ,$36.50 
11/24/2017,$36.49 ,6155794,$36.41 ,$36.57 ,$36.32 
11/22/2017,$36.45 ,17223280,$36.70 ,$36.72 ,$36.36 
11/21/2017,$36.65 ,24107410,$36.75 ,$36.97 ,$36.58 
11/20/2017,$36.50 ,26658580,$35.93 ,$36.54 ,$35.93 
11/17/2017,$35.90 ,27579270,$35.90 ,$36.32 ,$35.81 
11/16/2017,$35.88 ,61152250,$36.04 ,$36.67 ,$35.83 
11/15/2017,$34.11 ,30273290,$33.97 ,$34.31 ,$33.75 
11/14/2017,$34.04 ,17456460,$33.86 ,$34.16 ,$33.80 
11/13/2017,$33.95 ,16416580,$33.86 ,$34.21 ,$33.83 
11/10/2017,$33.99 ,19300000,$34.06 ,$34.09 ,$33.67 
11/9/2017,$34.05 ,16769040,$34.29 ,$34.32 ,$33.87 
11/8/2017,$34.50 ,13052330,$34.31 ,$34.50 ,$34.12 
11/7/2017,$34.40 ,11332940,$34.32 ,$34.48 ,$34.21 
11/6/2017,$34.41 ,12786450,$34.37 ,$34.56 ,$34.26 
11/3/2017,$34.47 ,13413870,$34.28 ,$34.49 ,$34.03 
11/2/2017,$34.21 ,19822140,$34.55 ,$34.64 ,$34.16 
11/1/2017,$34.62 ,21990700,$34.29 ,$34.75 ,$34.28 
10/31/2017,$34.15 ,13706970,$33.98 ,$34.24 ,$33.96 
10/30/2017,$34.04 ,18327340,$34.32 ,$34.38 ,$33.82 
10/27/2017,$34.43 ,20355130,$34.15 ,$34.62 ,$34.09 
10/26/2017,$34.27 ,14604350,$34.41 ,$34.51 ,$34.07 
10/25/2017,$34.30 ,17394190,$34.73 ,$34.73 ,$34.16 
10/24/2017,$34.58 ,16134490,$34.40 ,$34.68 ,$34.25 
10/23/2017,$34.35 ,22618860,$34.45 ,$34.68 ,$34.27 
10/20/2017,$34.25 ,24259980,$34.02 ,$34.39 ,$34.01 
10/19/2017,$33.75 ,13004670,$33.51 ,$33.89 ,$33.45 
10/18/2017,$33.55 ,9961658,$33.72 ,$33.75 ,$33.44 
10/17/2017,$33.60 ,9302771,$33.59 ,$33.67 ,$33.46 
10/16/2017,$33.54 ,10507790,$33.60 ,$33.64 ,$33.47 
10/13/2017,$33.47 ,13576820,$33.40 ,$33.57 ,$33.32 
10/12/2017,$33.26 ,18167900,$33.26 ,$33.46 ,$33.17 
10/11/2017,$33.59 ,12554740,$33.38 ,$33.63 ,$33.25 
10/10/2017,$33.55 ,17995060,$33.88 ,$33.91 ,$33.47 
10/9/2017,$33.76 ,8727910,$33.77 ,$33.89 ,$33.61 
10/6/2017,$33.75 ,15428060,$33.65 ,$33.78 ,$33.52 
10/5/2017,$33.59 ,14523720,$33.58 ,$33.67 ,$33.41 
10/4/2017,$33.44 ,14650550,$33.53 ,$33.56 ,$33.29 
10/3/2017,$33.85 ,13321660,$33.72 ,$33.90 ,$33.61 
10/2/2017,$33.75 ,16555120,$33.61 ,$33.77 ,$33.52 
9/29/2017,$33.63 ,14736010,$33.31 ,$33.67 ,$33.24 
9/28/2017,$33.35 ,14823870,$33.22 ,$33.46 ,$33.22 
9/27/2017,$33.48 ,22378670,$33.78 ,$33.92 ,$33.30 
9/26/2017,$33.76 ,26106670,$33.76 ,$34.10 ,$33.67 
9/25/2017,$33.72 ,32381360,$33.31 ,$33.84 ,$33.20 
9/22/2017,$33.37 ,28234820,$32.66 ,$33.53 ,$32.64 
9/21/2017,$32.70 ,19836530,$32.72 ,$32.90 ,$32.50 
9/20/2017,$32.60 ,18934660,$32.55 ,$32.75 ,$32.39 
9/19/2017,$32.49 ,12758230,$32.46 ,$32.65 ,$32.40 
9/18/2017,$32.52 ,17289740,$32.43 ,$32.66 ,$32.26 
9/15/2017,$32.44 ,29221810,$32.20 ,$32.50 ,$32.12 
9/14/2017,$32.19 ,18194400,$31.91 ,$32.22 ,$31.91 
9/13/2017,$32.18 ,22705040,$32.34 ,$32.39 ,$31.96 
9/12/2017,$32.41 ,18761200,$32.30 ,$32.47 ,$32.19 
9/11/2017,$32.19 ,22409870,$31.71 ,$32.30 ,$31.67 
9/8/2017,$31.48 ,15313950,$31.68 ,$31.78 ,$31.46 
9/7/2017,$31.76 ,14751710,$31.96 ,$31.97 ,$31.74 
9/6/2017,$31.87 ,16950560,$31.75 ,$31.91 ,$31.63 
9/5/2017,$31.62 ,32649190,$32.15 ,$32.25 ,$31.46 
9/1/2017,$32.30 ,14686020,$32.22 ,$32.35 ,$32.03 
8/31/2017,$32.21 ,27799860,$32.10 ,$32.34 ,$31.99 
8/30/2017,$31.99 ,22971550,$31.47 ,$32.20 ,$31.42 
8/29/2017,$31.48 ,16357620,$31.26 ,$31.63 ,$31.19 
8/28/2017,$31.54 ,12938930,$31.60 ,$31.66 ,$31.41 
8/25/2017,$31.44 ,19498330,$31.39 ,$31.80 ,$31.36 
8/24/2017,$31.24 ,22575190,$30.95 ,$31.40 ,$30.90 
8/23/2017,$30.92 ,22433730,$31.21 ,$31.40 ,$30.91 
8/22/2017,$31.27 ,24730720,$30.85 ,$31.33 ,$30.75 
8/21/2017,$30.68 ,24171250,$30.37 ,$30.80 ,$30.36 
8/18/2017,$30.37 ,34793740,$31 ,$31.06 ,$30.36 
8/17/2017,$31.04 ,52917420,$31.49 ,$31.77 ,$30.85 
8/16/2017,$32.34 ,28947520,$32.10 ,$32.47 ,$32.06 
8/15/2017,$32.09 ,25240250,$31.85 ,$32.21 ,$31.84 
8/14/2017,$31.84 ,21756930,$31.69 ,$31.89 ,$31.56 
8/11/2017,$31.47 ,20735520,$31.23 ,$31.55 ,$31.04 
8/10/2017,$31 ,23185350,$31.56 ,$31.56 ,$31 
8/9/2017,$31.62 ,16120180,$31.55 ,$31.68 ,$31.36 
8/8/2017,$31.67 ,15267640,$31.75 ,$32 ,$31.60 
8/7/2017,$31.84 ,11876630,$31.79 ,$31.88 ,$31.69 
8/4/2017,$31.80 ,16926620,$31.67 ,$31.91 ,$31.58 
8/3/2017,$31.56 ,14419880,$31.59 ,$31.72 ,$31.43 
8/2/2017,$31.52 ,15843230,$31.57 ,$31.57 ,$31.25 
8/1/2017,$31.65 ,12892880,$31.59 ,$31.66 ,$31.43 
7/31/2017,$31.45 ,19163940,$31.54 ,$31.59 ,$31.37 
7/28/2017,$31.52 ,15770560,$31.45 ,$31.60 ,$31.26 
7/27/2017,$31.57 ,21425710,$31.73 ,$31.75 ,$31.21 
7/26/2017,$31.66 ,21628960,$32.12 ,$32.23 ,$31.51 
7/25/2017,$32.12 ,14989580,$31.90 ,$32.25 ,$31.88 
7/24/2017,$31.86 ,15502890,$31.86 ,$31.93 ,$31.66 
7/21/2017,$31.84 ,13842690,$31.86 ,$32.03 ,$31.71 
7/20/2017,$31.86 ,16307160,$31.91 ,$32.05 ,$31.76 
7/19/2017,$31.90 ,21499550,$31.51 ,$32.05 ,$31.46 
7/18/2017,$31.51 ,15496210,$31.41 ,$31.51 ,$31.17 
7/17/2017,$31.50 ,16387240,$31.50 ,$31.64 ,$31.45 
7/14/2017,$31.42 ,13512990,$31.37 ,$31.45 ,$31.27 
7/13/2017,$31.27 ,15933020,$31.26 ,$31.28 ,$31.08 
7/12/2017,$31.16 ,18584570,$31.25 ,$31.44 ,$31.15 
7/11/2017,$31.09 ,12783990,$31.05 ,$31.12 ,$30.86 
7/10/2017,$30.98 ,15329880,$30.88 ,$31.09 ,$30.82 
7/7/2017,$30.90 ,15229350,$30.76 ,$31.07 ,$30.75 
7/6/2017,$30.72 ,20784780,$30.99 ,$31.02 ,$30.67 
7/5/2017,$31.11 ,24268900,$30.85 ,$31.27 ,$30.73 
7/3/2017,$31.33 ,14111990,$31.09 ,$31.64 ,$31.03 
6/30/2017,$31.30 ,23524400,$31.79 ,$31.79 ,$31.30 
6/29/2017,$31.41 ,27660230,$31.79 ,$32.03 ,$31.25 
6/28/2017,$32.08 ,17729590,$31.78 ,$32.28 ,$31.76 
6/27/2017,$31.76 ,23219920,$32.09 ,$32.26 ,$31.76 
6/26/2017,$32.24 ,22172310,$32.22 ,$32.50 ,$32.18 
6/23/2017,$32.09 ,25772870,$31.85 ,$32.30 ,$31.75 
6/22/2017,$31.85 ,19434000,$31.91 ,$32 ,$31.70 
6/21/2017,$31.84 ,20385840,$31.73 ,$31.87 ,$31.51 
6/20/2017,$31.85 ,18188390,$31.94 ,$32.16 ,$31.84 
6/19/2017,$31.99 ,18213840,$31.77 ,$32.02 ,$31.58 
6/16/2017,$31.63 ,36090670,$31.61 ,$31.64 ,$31.20 
6/15/2017,$31.58 ,19314930,$31.25 ,$31.64 ,$31.22 
6/14/2017,$31.60 ,24917050,$31.87 ,$31.97 ,$31.33 
6/13/2017,$31.70 ,27558170,$31.30 ,$31.80 ,$31.28 
6/12/2017,$31.25 ,25764390,$31.34 ,$31.64 ,$31.15 
6/9/2017,$31.37 ,25364420,$31.64 ,$31.83 ,$31.09 
6/8/2017,$31.61 ,21735610,$31.53 ,$31.81 ,$31.52 
6/7/2017,$31.61 ,14924200,$31.61 ,$31.72 ,$31.44 
6/6/2017,$31.56 ,16147330,$31.75 ,$31.76 ,$31.50 
6/5/2017,$31.76 ,15961230,$32.05 ,$32.05 ,$31.57 
6/2/2017,$31.98 ,20084010,$31.93 ,$32.06 ,$31.68 
6/1/2017,$31.82 ,15514410,$31.52 ,$31.82 ,$31.47 
5/31/2017,$31.53 ,30182950,$31.78 ,$31.89 ,$31.47 
5/30/2017,$31.68 ,17034990,$31.40 ,$31.81 ,$31.39 
5/26/2017,$31.50 ,16363130,$31.51 ,$31.59 ,$31.36 
5/25/2017,$31.44 ,21567460,$31.55 ,$31.69 ,$31.37 
5/24/2017,$31.49 ,23500070,$31.93 ,$31.94 ,$31.22 
5/23/2017,$31.76 ,29698500,$31.83 ,$31.87 ,$31.52 
5/22/2017,$31.59 ,35013480,$31.15 ,$31.98 ,$31.15 
5/19/2017,$31.21 ,39781620,$31.74 ,$31.78 ,$31.02 
5/18/2017,$31.38 ,85416440,$31.10 ,$31.51 ,$30.37 
5/17/2017,$33.82 ,38266800,$34.20 ,$34.31 ,$33.80 
5/16/2017,$34.30 ,18765740,$34.24 ,$34.33 ,$34.04 
5/15/2017,$34.23 ,31345500,$34 ,$34.46 ,$33.97 
5/12/2017,$33.45 ,20182380,$33.60 ,$33.62 ,$33.14 
5/11/2017,$33.63 ,17500570,$33.72 ,$33.82 ,$33.48 
5/10/2017,$33.74 ,17458530,$33.90 ,$33.90 ,$33.58 
5/9/2017,$33.90 ,18837550,$34.14 ,$34.26 ,$33.84 
5/8/2017,$34.29 ,13232660,$34.46 ,$34.60 ,$34.15 
5/5/2017,$34.39 ,15052550,$34.25 ,$34.40 ,$34.07 
5/4/2017,$34.18 ,13638570,$34.33 ,$34.49 ,$34.07 
5/3/2017,$34.25 ,14415910,$34.16 ,$34.34 ,$34.12 
5/2/2017,$34.24 ,14521080,$34.06 ,$34.24 ,$33.93 
5/1/2017,$33.97 ,13525760,$34.11 ,$34.14 ,$33.81 
4/28/2017,$34.07 ,20433270,$33.88 ,$34.08 ,$33.67 
4/27/2017,$33.75 ,26636090,$34.01 ,$34.11 ,$33.62 
4/26/2017,$33.40 ,17791010,$33.58 ,$33.63 ,$33.37 
4/25/2017,$33.42 ,15012310,$33.39 ,$33.52 ,$33.35 
4/24/2017,$33.28 ,15379640,$33.24 ,$33.36 ,$33.13 
4/21/2017,$32.82 ,13844370,$32.94 ,$32.94 ,$32.67 
4/20/2017,$32.83 ,11913310,$32.79 ,$32.95 ,$32.72 
4/19/2017,$32.65 ,16368770,$32.80 ,$32.89 ,$32.61 
4/18/2017,$32.67 ,13346300,$32.56 ,$32.73 ,$32.45 
4/17/2017,$32.61 ,11854520,$32.48 ,$32.67 ,$32.45 
4/13/2017,$32.42 ,16093500,$32.71 ,$32.85 ,$32.42 
4/12/2017,$32.62 ,25454860,$32.86 ,$32.96 ,$32.50 
4/11/2017,$32.92 ,18942530,$33.04 ,$33.08 ,$32.64 
4/10/2017,$33.01 ,14808560,$32.96 ,$33.22 ,$32.87 
4/7/2017,$32.96 ,13928170,$33.10 ,$33.15 ,$32.92 
4/6/2017,$33.08 ,15264170,$33 ,$33.28 ,$32.89 
4/5/2017,$33 ,17493510,$33.49 ,$33.53 ,$32.97 
4/4/2017,$33.41 ,18345760,$33.25 ,$33.42 ,$32.93 
4/3/2017,$33.58 ,19362900,$33.70 ,$33.94 ,$33.46 
3/31/2017,$33.80 ,14020070,$33.72 ,$33.88 ,$33.66 
3/30/2017,$33.74 ,12785480,$33.80 ,$33.93 ,$33.72 
3/29/2017,$33.74 ,16481430,$34 ,$34.05 ,$33.65 
3/28/2017,$34.02 ,21158890,$33.90 ,$34.21 ,$33.82 
3/27/2017,$33.99 ,17729530,$33.82 ,$34.03 ,$33.75 
3/24/2017,$34.08 ,18094700,$34.07 ,$34.30 ,$33.95 
3/23/2017,$33.96 ,16691710,$34.08 ,$34.26 ,$33.91 
3/22/2017,$34.10 ,16576300,$33.78 ,$34.20 ,$33.78 
3/21/2017,$33.88 ,21221130,$34.45 ,$34.47 ,$33.78 
3/20/2017,$34.28 ,14762350,$34.20 ,$34.39 ,$34.20 
3/17/2017,$34.23 ,26488790,$34.35 ,$34.38 ,$34.19 
3/16/2017,$34.23 ,14485740,$34.25 ,$34.48 ,$34.10 
3/15/2017,$34.24 ,14960180,$34.07 ,$34.35 ,$34.05 
3/14/2017,$34.12 ,14578010,$33.94 ,$34.14 ,$33.84 
3/13/2017,$34.10 ,15692390,$34.22 ,$34.33 ,$34 
3/10/2017,$34.26 ,19016620,$34.24 ,$34.30 ,$34.08 
3/9/2017,$34.07 ,17463260,$34.04 ,$34.11 ,$33.87 
3/8/2017,$34.02 ,18662980,$34.18 ,$34.23 ,$33.93 
3/7/2017,$34.20 ,21026300,$34 ,$34.25 ,$33.99 
3/6/2017,$34.19 ,17602120,$34.04 ,$34.28 ,$33.96 
3/3/2017,$34.29 ,14190590,$34.42 ,$34.44 ,$34.23 
3/2/2017,$34.39 ,16086690,$34.41 ,$34.53 ,$34.21 
3/1/2017,$34.44 ,22741300,$34.28 ,$34.51 ,$34.18 
2/28/2017,$34.18 ,23089670,$34.16 ,$34.29 ,$34.04 
2/27/2017,$34.26 ,15603870,$34.21 ,$34.32 ,$34.12 
2/24/2017,$34.32 ,21114280,$33.98 ,$34.32 ,$33.80 
2/23/2017,$34.04 ,17449140,$34.28 ,$34.28 ,$33.95 
2/22/2017,$34.09 ,26617090,$34.04 ,$34.15 ,$33.66 
2/21/2017,$34.13 ,26989410,$33.69 ,$34.21 ,$33.66 
2/17/2017,$33.74 ,31447050,$33.52 ,$33.77 ,$33.43 
2/16/2017,$33.60 ,49981300,$33.26 ,$33.97 ,$33.25 
2/15/2017,$32.82 ,40837190,$32.35 ,$32.84 ,$32.29 
2/14/2017,$32.31 ,31446650,$31.90 ,$32.31 ,$31.77 
2/13/2017,$31.97 ,26359010,$31.67 ,$32.00 ,$31.55 
2/10/2017,$31.51 ,19623990,$31.48 ,$31.63 ,$31.24 
2/9/2017,$31.50 ,18706650,$31.35 ,$31.69 ,$31.30 
2/8/2017,$31.27 ,20432280,$31.46 ,$31.55 ,$31.25 
2/7/2017,$31.45 ,18391940,$31.38 ,$31.64 ,$31.33 
2/6/2017,$31.30 ,16696610,$31.29 ,$31.31 ,$31.12 
2/3/2017,$31.32 ,21287910,$31.27 ,$31.35 ,$31.12 
2/2/2017,$31.18 ,27427400,$30.69 ,$31.26 ,$30.53 
2/1/2017,$30.50 ,19504000,$30.85 ,$30.85 ,$30.42 
1/31/2017,$30.72 ,16592510,$30.68 ,$30.89 ,$30.58 
1/30/2017,$30.83 ,15479860,$30.94 ,$31.00 ,$30.63 
1/27/2017,$30.98 ,18424200,$30.76 ,$30.98 ,$30.63 
1/26/2017,$30.74 ,20114790,$30.76 ,$30.84 ,$30.56 
1/25/2017,$30.70 ,25038970,$31.04 ,$31.05 ,$30.65 
1/24/2017,$30.60 ,24927000,$30.34 ,$30.75 ,$30.29 
1/23/2017,$30.27 ,17155100,$30.14 ,$30.30 ,$30.09 
1/20/2017,$30.10 ,22729770,$30.12 ,$30.25 ,$30 
1/19/2017,$29.98 ,16865730,$30.01 ,$30.19 ,$29.92 
1/18/2017,$30.03 ,15690490,$30.12 ,$30.18 ,$29.95 
1/17/2017,$29.99 ,21953660,$30 ,$30.25 ,$29.84 
1/13/2017,$30.07 ,15834080,$30.10 ,$30.22 ,$30.01 
1/12/2017,$30.04 ,18610450,$30.15 ,$30.16 ,$29.80 
1/11/2017,$30.15 ,22290740,$30.33 ,$30.41 ,$30.03 
1/10/2017,$30.38 ,21045940,$30.19 ,$30.55 ,$30.10 
1/9/2017,$30.18 ,17178280,$30.22 ,$30.33 ,$30.08 
1/6/2017,$30.23 ,15915550,$30.17 ,$30.35 ,$30.03 
1/5/2017,$30.17 ,18372100,$30.10 ,$30.36 ,$30.07 
1/4/2017,$30.10 ,22217840,$30.24 ,$30.42 ,$30.02 
1/3/2017,$30.54 ,22343810,$30.37 ,$30.56 ,$30.21 
12/30/2016,$30.22 ,20186910,$30.56 ,$30.60 ,$30.13 
12/29/2016,$30.46 ,10983880,$30.37 ,$30.55 ,$30.33 
12/28/2016,$30.42 ,11823410,$30.70 ,$30.77 ,$30.35 
12/27/2016,$30.68 ,14155380,$30.64 ,$30.82 ,$30.60 
12/23/2016,$30.53 ,9167542,$30.54 ,$30.60 ,$30.40 
12/22/2016,$30.46 ,12925410,$30.40 ,$30.48 ,$30.25 
12/21/2016,$30.42 ,14459250,$30.69 ,$30.69 ,$30.41 
12/20/2016,$30.56 ,17474350,$30.83 ,$30.87 ,$30.46 
12/19/2016,$30.75 ,18167740,$30.65 ,$30.87 ,$30.54 
12/16/2016,$30.59 ,45873060,$30.70 ,$30.72 ,$30.27 
12/15/2016,$30.63 ,20876050,$30.59 ,$30.80 ,$30.51 
12/14/2016,$30.46 ,27462640,$30.60 ,$31.07 ,$30.41 
12/13/2016,$30.59 ,24655770,$30.30 ,$30.64 ,$30.20 
12/12/2016,$30.17 ,17278880,$30.08 ,$30.20 ,$30.03 
12/9/2016,$30.06 ,21350030,$29.98 ,$30.07 ,$29.73 
12/8/2016,$29.95 ,21369810,$30.11 ,$30.33 ,$29.92 
12/7/2016,$29.95 ,30124320,$29.48 ,$30.04 ,$29.32 
12/6/2016,$29.33 ,27351220,$29.42 ,$29.59 ,$29.24 
12/5/2016,$29.53 ,20828650,$29.33 ,$29.60 ,$29.29 
12/2/2016,$29.25 ,27031950,$29.31 ,$29.56 ,$29.12 
12/1/2016,$29.45 ,25994460,$29.84 ,$29.85 ,$29.40 
11/30/2016,$29.82 ,26202860,$29.76 ,$29.95 ,$29.68 
11/29/2016,$29.83 ,23528350,$29.94 ,$30.10 ,$29.79 
11/28/2016,$29.92 ,21344630,$30.08 ,$30.09 ,$29.82 
11/25/2016,$30.09 ,17678860,$29.60 ,$30.15 ,$29.55 
11/23/2016,$29.71 ,24474820,$29.83 ,$29.95 ,$29.56 
11/22/2016,$29.89 ,26749840,$30.08 ,$30.19 ,$29.85 
11/21/2016,$30.05 ,27479020,$30.30 ,$30.33 ,$30.01 
11/18/2016,$30.18 ,38473050,$30.11 ,$30.36 ,$30.01 
11/17/2016,$30.05 ,75111620,$29.91 ,$30.05 ,$29.61 
11/16/2016,$31.57 ,26766990,$31.62 ,$31.89 ,$31.51 
11/15/2016,$31.70 ,24123140,$31.27 ,$31.85 ,$31.27 
11/14/2016,$31.37 ,22915860,$31.43 ,$31.67 ,$31.35 
11/11/2016,$31.36 ,23112370,$30.93 ,$31.47 ,$30.92 
11/10/2016,$31 ,38310820,$31.41 ,$31.76 ,$30.81 
11/9/2016,$31.36 ,38539660,$31.04 ,$31.49 ,$30.70 
11/8/2016,$31 ,19395500,$30.94 ,$31.20 ,$30.73 
11/7/2016,$30.94 ,23006160,$30.71 ,$31.06 ,$30.61 
11/4/2016,$30.19 ,18501660,$29.98 ,$30.50 ,$29.63 
11/3/2016,$30.32 ,15917790,$30.50 ,$30.56 ,$30.24 
11/2/2016,$30.39 ,19151160,$30.43 ,$30.68 ,$30.23 
11/1/2016,$30.48 ,17508320,$30.85 ,$30.86 ,$30.23 
10/31/2016,$30.68 ,23225250,$30.34 ,$30.77 ,$30.32 
10/28/2016,$30.59 ,19921200,$30.36 ,$30.80 ,$30.35 
10/27/2016,$30.38 ,16905280,$30.60 ,$30.67 ,$30.36 
10/26/2016,$30.55 ,17988710,$30.59 ,$30.86 ,$30.32 
10/25/2016,$30.34 ,15226950,$30.50 ,$30.51 ,$30.23 
10/24/2016,$30.46 ,14084340,$30.34 ,$30.50 ,$30.30 
10/21/2016,$30.15 ,15119660,$30.01 ,$30.20 ,$29.92 
10/20/2016,$30.16 ,17295040,$30.28 ,$30.37 ,$30.04 
10/19/2016,$30.35 ,14809130,$30.44 ,$30.45 ,$30.19 
10/18/2016,$30.44 ,14434360,$30.69 ,$30.69 ,$30.43 
10/17/2016,$30.22 ,13957020,$30.13 ,$30.42 ,$30.10 
10/14/2016,$30.18 ,20541100,$30.35 ,$30.55 ,$30.16 
10/13/2016,$30.17 ,24260860,$30.09 ,$30.25 ,$29.86 
10/12/2016,$30.34 ,36856250,$30.53 ,$30.63 ,$29.94 
10/11/2016,$31.04 ,19357340,$31.52 ,$31.53 ,$30.85 
10/10/2016,$31.47 ,12730130,$31.54 ,$31.68 ,$31.44 
10/7/2016,$31.47 ,13071840,$31.48 ,$31.60 ,$31.23 
10/6/2016,$31.48 ,14049690,$31.57 ,$31.63 ,$31.21 
10/5/2016,$31.59 ,11760100,$31.41 ,$31.68 ,$31.41 
10/4/2016,$31.35 ,18445810,$31.46 ,$31.63 ,$31.15 
10/3/2016,$31.50 ,14055180,$31.31 ,$31.58 ,$31.20 
9/30/2016,$31.72 ,30065610,$31.61 ,$31.80 ,$31.56 
9/29/2016,$31.39 ,15383020,$31.51 ,$31.57 ,$31.25 
9/28/2016,$31.50 ,15815550,$31.44 ,$31.59 ,$31.36 
9/27/2016,$31.48 ,17989390,$31.09 ,$31.61 ,$30.96 
9/26/2016,$31.07 ,20360660,$31.10 ,$31.16 ,$30.79 
9/23/2016,$31.34 ,20396720,$31.71 ,$31.80 ,$31.31 
9/22/2016,$31.66 ,20220880,$31.50 ,$31.80 ,$31.49 
9/21/2016,$31.36 ,21150600,$31.11 ,$31.38 ,$30.97 
9/20/2016,$31.10 ,15878660,$31.08 ,$31.22 ,$31.04 
9/19/2016,$31.02 ,16817940,$30.85 ,$31.25 ,$30.82 
9/16/2016,$30.84 ,37364950,$31.12 ,$31.14 ,$30.70 
9/15/2016,$31.31 ,25993400,$30.63 ,$31.39 ,$30.61 
9/14/2016,$31 ,24347960,$31.01 ,$31.23 ,$30.81 
9/13/2016,$31.06 ,23578250,$31.26 ,$31.35 ,$30.90 
9/12/2016,$31.44 ,22551300,$30.61 ,$31.50 ,$30.60 
9/9/2016,$30.85 ,25379810,$31.14 ,$31.34 ,$30.85 
9/8/2016,$31.47 ,19867760,$31.72 ,$31.75 ,$31.42 
9/7/2016,$31.79 ,14049810,$31.79 ,$31.93 ,$31.75 
9/6/2016,$31.87 ,17627880,$31.93 ,$31.94 ,$31.70 
9/2/2016,$31.83 ,18144570,$31.65 ,$31.95 ,$31.65 
9/1/2016,$31.58 ,15964090,$31.42 ,$31.64 ,$31.26 
8/31/2016,$31.44 ,20418490,$31.45 ,$31.58 ,$31.25 
8/30/2016,$31.54 ,17782180,$31.61 ,$31.66 ,$31.41 
8/29/2016,$31.58 ,21049980,$31.43 ,$31.70 ,$31.41 
8/26/2016,$31.35 ,21089920,$31.34 ,$31.66 ,$31.19 
8/25/2016,$31.29 ,22915650,$31.06 ,$31.39 ,$31.02 
8/24/2016,$31.06 ,24460420,$30.98 ,$31.20 ,$30.95 
8/23/2016,$30.98 ,23489340,$30.83 ,$31.06 ,$30.79 
8/22/2016,$30.63 ,28645230,$30.44 ,$30.78 ,$30.37 
8/19/2016,$30.52 ,25117460,$30.37 ,$30.65 ,$30.24 
8/18/2016,$30.48 ,48656960,$30.41 ,$30.67 ,$30.06 
8/17/2016,$30.72 ,54715910,$30.97 ,$30.97 ,$30.33 
8/16/2016,$31.12 ,23363100,$31.22 ,$31.23 ,$30.98 
8/15/2016,$31.19 ,21931340,$30.98 ,$31.24 ,$30.89 
8/12/2016,$30.87 ,13426030,$30.92 ,$30.99 ,$30.80 
8/11/2016,$30.95 ,24019930,$30.95 ,$31.02 ,$30.86 
8/10/2016,$30.85 ,16657280,$31.01 ,$31.13 ,$30.74 
8/9/2016,$30.94 ,19142890,$31.11 ,$31.25 ,$30.84 
8/8/2016,$31.01 ,19019910,$31 ,$31.19 ,$30.86 
8/5/2016,$31.04 ,18836710,$30.90 ,$31.07 ,$30.69 
8/4/2016,$30.80 ,18520200,$30.78 ,$30.91 ,$30.71 
8/3/2016,$30.72 ,15960960,$30.51 ,$30.74 ,$30.51 
8/2/2016,$30.62 ,24482410,$30.82 ,$30.82 ,$30.40 
8/1/2016,$30.73 ,22424350,$30.70 ,$30.75 ,$30.36 
7/29/2016,$30.53 ,23781470,$30.60 ,$30.69 ,$30.47 
7/28/2016,$30.52 ,22443050,$30.65 ,$30.74 ,$30.37 
7/27/2016,$30.76 ,22699160,$30.95 ,$30.97 ,$30.66 
7/26/2016,$30.88 ,21323530,$30.80 ,$31.15 ,$30.71 
7/25/2016,$30.79 ,15172190,$30.67 ,$30.83 ,$30.63 
7/22/2016,$30.71 ,19350050,$30.70 ,$30.87 ,$30.54 
7/21/2016,$30.58 ,21580930,$30.64 ,$30.72 ,$30.37 
7/20/2016,$30.63 ,50128940,$30.04 ,$30.69 ,$29.98 
7/19/2016,$29.92 ,18492760,$29.91 ,$30.01 ,$29.77 
7/18/2016,$29.91 ,17372020,$29.75 ,$30.00 ,$29.74 
7/15/2016,$29.82 ,17794570,$29.93 ,$29.95 ,$29.66 
7/14/2016,$29.76 ,19330290,$29.84 ,$29.99 ,$29.64 
7/13/2016,$29.75 ,18023570,$29.72 ,$29.83 ,$29.58 
7/12/2016,$29.61 ,22137610,$29.72 ,$29.74 ,$29.52 
7/11/2016,$29.43 ,21688010,$29.34 ,$29.70 ,$29.26 
7/8/2016,$29.26 ,24646250,$28.91 ,$29.28 ,$28.88 
7/7/2016,$28.74 ,17395210,$28.72 ,$28.90 ,$28.61 
7/6/2016,$28.72 ,24843840,$28.45 ,$28.77 ,$28.17 
